customerName,email,phone,birthDay,serialNumber,registrationDate,lastUpdateDate,shareWithResearchAsOfDate,shareWithPublicAsOfDate,shareWithFriendsAsOfDate
Santosh Clayton,Santosh.Clayton@test.com,8015551212,1900-01-01,50f7b4f3-7af5-4b07-a421-7b902c8d2b7c,1655564376361,1655564376361,1655564376361.0,1655564376361.0,1655564376361.0
Ben Khatib,Ben.Khatib@test.com,8015551212,1399-01-01,20400202-c1da-4328-8e94-5bacc7d61ecb,1655564414415,1655564414415,1655564414415.0,,1655564414415.0
Jane Gonzalez,Jane.Gonzalez@test.com,8015551212,1141-01-01,2b6fe805-9059-4e1b-b7ed-720f5b4bf10c,1655564433612,1655564433612,1655564433612.0,,1655564433612.0
Jaya Jackson,Jaya.Jackson@test.com,8015551212,1098-01-01,220437fd-77f5-463a-8d93-f59c944e60d4,1655564436700,1655564436700,1655564436700.0,,
Jerry Jefferson,Jerry.Jefferson@test.com,8015551212,1964-01-01,f1ad9449-f80b-4dcb-8fab-66352e929322,1655564085333,1655564085333,1655564085333.0,,1655564085333.0
Senthil Smith,Senthil.Smith@test.com,8015551212,1587-01-01,dbfde3b7-69bf-4c56-a9e8-dfd48af6df89,1655564400490,1655564400490,1655564400490.0,,
Santosh Davis,Santosh.Davis@test.com,8015551212,1745-01-01,b5f6b144-0260-4c4f-83e1-469150f9055b,1655564388124,1655564388124,1655564388124.0,,
Sarah Doshi,Sarah.Doshi@test.com,8015551212,1126-01-01,466bb1b9-5dc3-4607-8f76-e0bcdcf6b9c7,1655564145362,1655564145362,1655564145362.0,,
Ben Phillips,Ben.Phillips@test.com,8015551212,1404-01-01,314ed64d-643f-4cd3-b164-f4a8ae02fc29,1655564125690,1655564125690,1655564125690.0,,1655564125690.0
David Mitra,David.Mitra@test.com,8015551212,1201-01-01,ba582015-fbb3-4842-887a-e291f773df84,1655564429221,1655564429221,1655564429221.0,,
Christina Mitra,Christina.Mitra@test.com,8015551212,1160-01-01,7414a106-ee97-4824-ab25-70bedeae1136,1655564432243,1655564432243,1655564432243.0,1655564432243.0,
Liz Aristotle,Liz.Aristotle@test.com,8015551212,1033-01-01,cf977dd3-df90-492a-b05d-15fd3898a45b,1655564152526,1655564152526,1655564152526.0,1655564152526.0,
Danny Abram,Danny.Abram@test.com,8015551212,1272-01-01,dd97b03a-77a5-4fb2-8b9e-74b977a56a20,1655564423887,1655564423887,1655564423887.0,,1655564423887.0
Jane Davis,Jane.Davis@test.com,8015551212,1328-01-01,be3627ff-145c-48b6-9d22-01e9aae21360,1655564131086,1655564131086,1655564131086.0,1655564131086.0,
Frank Jones,Frank.Jones@test.com,8015551212,1858-01-01,e67098ce-d1ce-4320-9e3e-5674125eb236,1655564379578,1655564379578,1655564379578.0,1655564379578.0,1655564379578.0
Spencer Ahmed,Spencer.Ahmed@test.com,8015551212,1580-01-01,873149be-2df1-405f-8d82-00b47a6e1706,1655564113280,1655564113280,1655564113280.0,1655564113280.0,1655564113280.0
Jacob Mitra,Jacob.Mitra@test.com,8015551212,1323-01-01,48dacf93-6b04-4fd5-bd97-5c6a03774c47,1655563967132,1655563967132,1655563967132.0,,
Jaya Spencer,Jaya.Spencer@test.com,8015551212,1824-01-01,284e046f-4faf-445e-a9ad-be5f31e79023,1655564095826,1655564095826,1655564095826.0,,1655564095826.0
Santosh Lincoln,Santosh.Lincoln@test.com,8015551212,1634-01-01,7c858602-1e85-4f20-a953-308099c550ca,1655564396896,1655564396896,1655564396896.0,,1655564396896.0
Travis Jones,Travis.Jones@test.com,8015551212,1445-01-01,0eaa2e1b-1f09-4035-b1a1-1e00882f1c1e,1655564411039,1655564411039,1655564411039.0,1655564411039.0,1655564411039.0
Christina Clayton,Christina.Clayton@test.com,8015551212,1080-01-01,b54391f7-fa80-4020-9474-16fc31510205,1655564437991,1655564437991,1655564437991.0,,1655564437991.0
Bobby Anandh,Bobby.Anandh@test.com,8015551212,1201-01-01,7338120b-8667-42d7-97dc-ec569b361d83,1655563975289,1655563975289,1655563975289.0,1655563975289.0,
Jacob Davis,Jacob.Davis@test.com,8015551212,1289-01-01,de5eb3c3-0c41-41f4-b2d3-1ced6c233327,1655564422659,1655564422659,1655564422659.0,,1655564422659.0
Senthil Sanchez,Senthil.Sanchez@test.com,8015551212,1283-01-01,a723b40e-1a4b-44e6-8cb9-24cc24827465,1655564423093,1655564423093,1655564423093.0,,
Senthil Lincoln,Senthil.Lincoln@test.com,8015551212,1653-01-01,561df6cf-0504-4b77-9d72-0435295a37d5,1655564395389,1655564395389,1655564395389.0,,1655564395389.0
Liz Sanchez,Liz.Sanchez@test.com,8015551212,1752-01-01,7a820ed7-6e36-4033-9659-b68e51896899,1655564100897,1655564100897,1655564100897.0,,
Neeraj Spencer,Neeraj.Spencer@test.com,8015551212,1499-01-01,c84fa49d-11b4-48ab-a3ea-d26f719e0ce8,1655564118925,1655564118925,1655564118925.0,1655564118925.0,
Suresh Howard,Suresh.Howard@test.com,8015551212,1755-01-01,9e3455ae-3479-4127-8e97-378bae3a0213,1655564100689,1655564100689,1655564100689.0,1655564100689.0,
Gail Clark,Gail.Clark@test.com,8015551212,1959-01-01,60a8abc4-d94e-451d-a61a-190533a83789,1655564371293,1655564371293,1655564371293.0,,1655564371293.0
Suresh Hansen,Suresh.Hansen@test.com,8015551212,988-01-01,babaf21f-5125-40e3-906d-99658eb49925,1655563989443,1655563989443,1655563989443.0,,
Jaya Anderson,Jaya.Anderson@test.com,8015551212,1312-01-01,0f02a172-a0cb-434c-96ff-c51989d6acf2,1655564132255,1655564132255,1655564132255.0,1655564132255.0,1655564132255.0
Eric Fibonnaci,Eric.Fibonnaci@test.com,8015551212,1167-01-01,7dffab5d-8b9b-44c6-89f3-709cb9880c42,1655564431723,1655564431723,1655564431723.0,1655564431723.0,1655564431723.0
Sean Ahmed,Sean.Ahmed@test.com,8015551212,1320-01-01,fbabbb05-3a66-415d-928c-378b831be345,1655564131662,1655564131662,1655564131662.0,1655564131662.0,1655564131662.0
Travis Anderson,Travis.Anderson@test.com,8015551212,1030-01-01,cc4d03c0-e024-4c93-addd-3a535ef6bc4d,1655564441768,1655564441768,1655564441768.0,,
Jerry Anandh,Jerry.Anandh@test.com,8015551212,1356-01-01,4a6b7da2-f879-4abb-b9b8-524c72d45ce4,1655564417550,1655564417550,1655564417550.0,1655564417550.0,
Edward Khatib,Edward.Khatib@test.com,8015551212,1060-01-01,b4d4a353-240b-4eb0-9299-697f1aebe7e9,1655564439443,1655564439443,1655564439443.0,,
Travis Habschied,Travis.Habschied@test.com,8015551212,1309-01-01,7ea33a96-2439-4096-a2d1-e5b97e6c7cc7,1655564421066,1655564421066,1655564421066.0,1655564421066.0,1655564421066.0
Craig Clark,Craig.Clark@test.com,8015551212,1337-01-01,6594e74a-7a44-401a-912d-c0319d3a8b22,1655563966224,1655563966224,1655563966224.0,,1655563966224.0
Ben Olson,Ben.Olson@test.com,8015551212,1819-01-01,d4bf80de-8505-446e-8541-e30ebffda4f4,1655564096189,1655564096189,1655564096189.0,,
Sean Smith,Sean.Smith@test.com,8015551212,1434-01-01,c20bdf43-3cf9-4ee2-9a53-81dae4f7f652,1655564411829,1655564411829,1655564411829.0,,1655564411829.0
Danny Davis,Danny.Davis@test.com,8015551212,1046-01-01,51856419-c13a-4624-834f-ff84fa3c1934,1655564440574,1655564440574,1655564440574.0,1655564440574.0,
Suresh Jackson,Suresh.Jackson@test.com,8015551212,1151-01-01,6825097d-7e08-4fce-a71b-c28ee1aec084,1655564432890,1655564432890,1655564432890.0,1655564432890.0,
Liz Jones,Liz.Jones@test.com,8015551212,979-01-01,54b55534-2890-4ea9-b409-4ca095862bc3,1655564445739,1655564445739,1655564445739.0,1655564445739.0,
Trevor Doshi,Trevor.Doshi@test.com,8015551212,1243-01-01,9097b03a-de0a-4360-82df-54349d49c184,1655564426010,1655564426010,1655564426010.0,1655564426010.0,1655564426010.0
Ben Jefferson,Ben.Jefferson@test.com,8015551212,1403-01-01,a7983496-a008-49d9-b075-696e1740a265,1655564125759,1655564125759,1655564125759.0,1655564125759.0,1655564125759.0
Neeraj Clayton,Neeraj.Clayton@test.com,8015551212,1231-01-01,31c2af9f-0ce0-4261-89e7-4c6f8a20096a,1655564426913,1655564426913,1655564426913.0,,1655564426913.0
Neeraj Fibonnaci,Neeraj.Fibonnaci@test.com,8015551212,1150-01-01,e23997d6-c5ca-46ec-b483-c7c9afc05a05,1655563978629,1655563978629,1655563978629.0,1655563978629.0,1655563978629.0
Liz Abram,Liz.Abram@test.com,8015551212,1699-01-01,b6e2a534-9d63-4ec9-89ca-0a37fa60c30b,1655563209741,1655563276403,1655563276403.0,1655563276403.0,1655563276403.0
Jane Hansen,Jane.Hansen@test.com,8015551212,1591-01-01,a7842856-e8a5-474d-8d2e-e825d6f5323f,1655564400201,1655564400201,1655564400201.0,,1655564400201.0
Ben Habschied,Ben.Habschied@test.com,8015551212,996-01-01,acb4596e-6918-4cd9-9b16-a5d6226fc723,1655564444346,1655564444346,1655564444346.0,1655564444346.0,
Frank Mitra,Frank.Mitra@test.com,8015551212,1703-01-01,2e609327-b859-4a5c-8093-31e00e9057d2,1655564104265,1655564104265,1655564104265.0,,1655564104265.0
Ben Abram,Ben.Abram@test.com,8015551212,991-01-01,26426a57-698e-409f-9d8d-c8726e139dfd,1655564444720,1655564444720,1655564444720.0,,1655564444720.0
Sarah Khatib,Sarah.Khatib@test.com,8015551212,1097-01-01,be0294fc-67e9-48dc-aa8a-3015fdcfefcb,1655564436771,1655564436771,1655564436771.0,,1655564436771.0
Jane Ahmed,Jane.Ahmed@test.com,8015551212,1782-01-01,faa099b0-4259-4091-abef-d1633bee09a0,1655564098822,1655564098822,1655564098822.0,,1655564098822.0
Sean Jackson,Sean.Jackson@test.com,8015551212,1064-01-01,03985080-b275-4350-b709-bb583cb62f94,1655564439144,1655564439145,1655564439145.0,1655564439145.0,1655564439145.0
Jaya Doshi,Jaya.Doshi@test.com,8015551212,1195-01-01,b97cfdd3-368d-42e2-b66f-72b77bf34e72,1655564429652,1655564429652,1655564429652.0,,
Jerry Clark,Jerry.Clark@test.com,8015551212,1188-01-01,5e852699-39b0-4e4b-b1b1-0a5acd71f28f,1655564430163,1655564430163,1655564430163.0,1655564430163.0,1655564430163.0
Larry Davis,Larry.Davis@test.com,8015551212,1186-01-01,55042c8f-b0c4-4f85-99ed-0d338c823efe,1655564430335,1655564430335,1655564430335.0,1655564430335.0,1655564430335.0
David Staples,David.Staples@test.com,8015551212,1014-01-01,7a3e54d5-7d21-4ece-971e-bac22389ce60,1655564442982,1655564442982,1655564442982.0,,
Neeraj Habschied,Neeraj.Habschied@test.com,8015551212,1273-01-01,c57c4d6e-3b2e-4315-9596-ae1ecaf8c729,1655564423813,1655564423813,1655564423813.0,,1655564423813.0
Sarah Ahmed,Sarah.Ahmed@test.com,8015551212,1655-01-01,7fe111a1-d7c3-4e44-bac1-84eec28b560c,1655564395245,1655564395245,1655564395245.0,1655564395245.0,1655564395245.0
Dan Spencer,Dan.Spencer@test.com,8015551212,1145-01-01,10a463c9-ef23-454e-b5f9-25d0627487a6,1655564433324,1655564433324,1655564433324.0,1655564433324.0,
Danny Staples,Danny.Staples@test.com,8015551212,1349-01-01,67ce6135-2f06-4129-bde5-f08ed94f94cc,1655564418067,1655564418067,1655564418067.0,,1655564418067.0
Ben Huey,Ben.Huey@test.com,8015551212,1664-01-01,5c1a3532-e54a-4c9d-b9f5-d7c9685b82f4,1655563944038,1655563944038,1655563944038.0,1655563944038.0,1655563944038.0
Spencer Harris,Spencer.Harris@test.com,8015551212,1277-01-01,be786f74-6cc7-444d-bea1-5b50d2cadc7f,1655564423528,1655564423528,1655564423528.0,1655564423528.0,
Jerry Abram,Jerry.Abram@test.com,8015551212,1312-01-01,55900856-f299-440a-a508-0648b1684bc7,1655564420845,1655564420845,1655564420845.0,1655564420845.0,1655564420845.0
Jaya Jefferson,Jaya.Jefferson@test.com,8015551212,1275-01-01,984cf228-88fe-4686-a115-bae6c37fa06b,1655564423671,1655564423671,1655564423671.0,,1655564423671.0
Travis Howard,Travis.Howard@test.com,8015551212,1054-01-01,e097951c-b656-4ec5-9459-91ae73409ada,1655564439908,1655564439908,1655564439908.0,,
Jason Huey,Jason.Huey@test.com,8015551212,1033-01-01,4b86d152-7bc1-4b19-86c7-51a0012ab28c,1655563986524,1655563986524,1655563986524.0,,1655563986524.0
Trevor Phillips,Trevor.Phillips@test.com,8015551212,1615-01-01,46594674-1a7a-448a-ab61-53d207253395,1655563947192,1655563947192,1655563947192.0,,
Santosh Smith,Santosh.Smith@test.com,8015551212,1397-01-01,ebfd4060-a49e-4fb8-b188-993e1d740414,1655564414568,1655564414568,1655564414568.0,,1655564414568.0
Suresh Harris,Suresh.Harris@test.com,8015551212,1373-01-01,f1e585da-8741-4ade-a789-c1eae3747bad,1655564416337,1655564416337,1655564416337.0,1655564416337.0,
Eric Mitra,Eric.Mitra@test.com,8015551212,971-01-01,c20342f4-9ddc-4c22-b9db-d8221290b3e8,1655564446367,1655564446367,1655564446367.0,1655564446367.0,
Craig Fibonnaci,Craig.Fibonnaci@test.com,8015551212,1465-01-01,5bf8b06d-12fc-477c-9469-7e9c511da49d,1655564409509,1655564409509,1655564409509.0,,1655564409509.0
Dan Doshi,Dan.Doshi@test.com,8015551212,1453-01-01,0bfa6f7c-3a73-4f2f-8a36-e591140b0a29,1655564410411,1655564410411,1655564410411.0,1655564410411.0,1655564410411.0
Ashley Anandh,Ashley.Anandh@test.com,8015551212,1856-01-01,12ce2113-ab71-4761-89dc-ccef475d6da3,1655563931762,1655563931762,1655563931762.0,,
Edward Davis,Edward.Davis@test.com,8015551212,1033-01-01,6c8daee7-1089-4531-98ee-c04a6f7a77d1,1655564441533,1655564441533,1655564441533.0,1655564441533.0,
Frank Lincoln,Frank.Lincoln@test.com,8015551212,1534-01-01,6a2d5257-4e6a-4d0c-af6b-5cd84d906fab,1655564404296,1655564404296,1655564404296.0,,1655564404296.0
Jason Spencer,Jason.Spencer@test.com,8015551212,1586-01-01,f2fba8ce-e089-43b5-9744-2db5609be50e,1655564400561,1655564400561,1655564400561.0,1655564400561.0,1655564400561.0
Manoj Ahmed,Manoj.Ahmed@test.com,8015551212,1429-01-01,33eeab80-bb39-4276-b13b-21d0e58cc01a,1655563960224,1655563960224,1655563960224.0,1655563960224.0,1655563960224.0
Liz Davis,Liz.Davis@test.com,8015551212,1475-01-01,84869762-7814-48de-9ffc-ed245ce8526e,1655564120599,1655564120599,1655564120599.0,1655564120599.0,
Sarah Gonzalez,Sarah.Gonzalez@test.com,8015551212,1774-01-01,7fa2f2b8-0aae-42b5-b285-12d606b03a14,1655564385916,1655564385916,1655564385916.0,1655564385916.0,
Angie Olson,Angie.Olson@test.com,8015551212,1428-01-01,2f511a03-5105-4fa1-a8db-88fd1a7904b4,1655564412261,1655564412261,1655564412261.0,1655564412261.0,
Angie Mitra,Angie.Mitra@test.com,8015551212,1872-01-01,a3761b87-c9cb-46d8-b319-bc9d72e7ef49,1655564378531,1655564378531,1655564378531.0,,1655564378531.0
Lyn Staples,Lyn.Staples@test.com,8015551212,1313-01-01,cba91a07-0991-4488-a544-5fc35b9ead29,1655564420769,1655564420769,1655564420769.0,,1655564420769.0
Eric Wu,Eric.Wu@test.com,8015551212,1951-01-01,befd1528-1209-466f-a58d-881bb4a53d28,1655564086607,1655564086607,1655564086607.0,,
Jane Lincoln,Jane.Lincoln@test.com,8015551212,1894-01-01,85ffd26c-bdb4-4fbb-9b15-88851821ab42,1655564090751,1655564090751,1655564090751.0,1655564090751.0,
Danny Smith,Danny.Smith@test.com,8015551212,1286-01-01,5349e592-84bc-46b0-bc39-4765a69fee45,1655564422877,1655564422877,1655564422877.0,,1655564422877.0
Eric Phillips,Eric.Phillips@test.com,8015551212,1649-01-01,a59f2b61-26d3-438f-90b8-11fb2273ef33,1655564395676,1655564395676,1655564395676.0,,
Sarah Phillips,Sarah.Phillips@test.com,8015551212,1124-01-01,e71cd576-4612-49c4-91a6-17f9d5bd1a18,1655564434836,1655564434836,1655564434836.0,,1655564434836.0
Jane Anandh,Jane.Anandh@test.com,8015551212,1470-01-01,1f77f4f4-fe5b-4195-9db4-743f529cf436,1655564409146,1655564409146,1655564409146.0,1655564409146.0,
Dan Habschied,Dan.Habschied@test.com,8015551212,1342-01-01,8be94836-9188-43ee-be56-9f643fec0792,1655563233219,1655563300577,1655563300577.0,1655563300577.0,1655563300577.0
David Spencer,David.Spencer@test.com,8015551212,1293-01-01,595a0e33-9870-4bf5-ac8f-3ab5f70a078a,1655564133587,1655564133587,1655564133587.0,,1655564133587.0
John Smith,John.Smith@test.com,8015551212,1543-01-01,c3ee6284-91b6-403d-965a-2b8a611b7612,1655564403664,1655564403664,1655564403664.0,,
Lyn Sanchez,Lyn.Sanchez@test.com,8015551212,1522-01-01,32d97068-c1ee-4190-9c1a-ce1243cad435,1655564405146,1655564405146,1655564405146.0,1655564405146.0,1655564405146.0
Santosh Harris,Santosh.Harris@test.com,8015551212,1474-01-01,e3ef535a-a364-4c93-b936-f9e9f7efbdab,1655564408835,1655564408835,1655564408835.0,,
Trevor Howard,Trevor.Howard@test.com,8015551212,1266-01-01,d6f546b5-63a3-418e-8370-135f52d7dafe,1655564424321,1655564424321,1655564424321.0,,
David Clayton,David.Clayton@test.com,8015551212,1369-01-01,b4b4cad7-6ec6-4fcd-9064-2fea5b168c77,1655564416624,1655564416624,1655564416624.0,,
Jerry Lincoln,Jerry.Lincoln@test.com,8015551212,1183-01-01,b00c1a32-b46f-477f-8594-e249e7f06395,1655564430554,1655564430554,1655564430554.0,1655564430554.0,1655564430554.0
Edward Gonzalez,Edward.Gonzalez@test.com,8015551212,1056-01-01,7b244625-6fb4-4337-84c1-375f1f11078a,1655564439755,1655564439755,1655564439755.0,1655564439755.0,1655564439755.0
Senthil Aristotle,Senthil.Aristotle@test.com,8015551212,1185-01-01,03d010f1-20dd-45dd-b406-357b1ba0564a,1655564430410,1655564430410,1655564430410.0,,
Neeraj Harris,Neeraj.Harris@test.com,8015551212,1254-01-01,168b0f47-3f49-448c-b8eb-149e71aa02b9,1655564136316,1655564136316,1655564136316.0,1655564136316.0,
David Gonzalez,David.Gonzalez@test.com,8015551212,1017-01-01,d8e21325-6749-463d-9013-62cd1f3ea238,1655564442751,1655564442751,1655564442751.0,1655564442751.0,1655564442751.0
Craig Clayton,Craig.Clayton@test.com,8015551212,1110-01-01,8e9f905a-f63f-410e-b3e7-683342c162c9,1655564435833,1655564435833,1655564435833.0,,
Jane Aristotle,Jane.Aristotle@test.com,8015551212,1077-01-01,9461b160-84a8-4868-8b3e-a91d7b376f91,1655564438204,1655564438204,1655564438204.0,1655564438204.0,1655564438204.0
Santosh Hansen,Santosh.Hansen@test.com,8015551212,1329-01-01,ac4be820-eb64-4c4a-8edd-3279870330f3,1655564419579,1655564419579,1655564419579.0,1655564419579.0,1655564419579.0
Christina Anandh,Christina.Anandh@test.com,8015551212,1574-01-01,48de29e1-7fa0-44cb-af1d-9ebf437d9de0,1655564113749,1655564113749,1655564113749.0,1655564113749.0,
Jaya Sanchez,Jaya.Sanchez@test.com,8015551212,1482-01-01,73dc6835-3906-43c8-83b7-50a14c99bfa6,1655564408138,1655564408138,1655564408138.0,,1655564408138.0
Frank Doshi,Frank.Doshi@test.com,8015551212,1308-01-01,1b5e1515-45c9-4cbf-b68f-1169e5867947,1655564132541,1655564132541,1655564132541.0,,1655564132541.0
Manoj Spencer,Manoj.Spencer@test.com,8015551212,1482-01-01,83dee3e2-5e6e-4ce6-b32b-719afcb5f7e8,1655564120110,1655564120110,1655564120110.0,,1655564120110.0
Chris Smith,Chris.Smith@test.com,8015551212,1410-01-01,9a486cf1-60d3-45b9-8757-cb965e270b82,1655564125266,1655564125266,1655564125266.0,1655564125266.0,
Spencer Smith,Spencer.Smith@test.com,8015551212,1332-01-01,de316ea3-7970-4d9b-a469-a0d3c1ff40bb,1655564419358,1655564419358,1655564419358.0,1655564419358.0,
Liz Ahmed,Liz.Ahmed@test.com,8015551212,1342-01-01,a65b9934-5f91-4c20-a940-6cd4e74a6264,1655564130110,1655564130110,1655564130110.0,,
Lyn Spencer,Lyn.Spencer@test.com,8015551212,1343-01-01,60b2b098-f3ab-440a-bbef-8ad591e3a440,1655564418550,1655564418550,1655564418550.0,1655564418550.0,1655564418550.0
Gail Lincoln,Gail.Lincoln@test.com,8015551212,1090-01-01,4ab4cde7-4d8a-429c-8ae7-381dcbd05955,1655564437269,1655564437269,1655564437269.0,1655564437269.0,1655564437269.0
John Anderson,John.Anderson@test.com,8015551212,1365-01-01,3f5e02d7-6634-43eb-8809-a513bdd92c4a,1655564416908,1655564416908,1655564416908.0,1655564416908.0,
Jason Smith,Jason.Smith@test.com,8015551212,1234-01-01,f9b122e0-4613-49b3-9c1e-7e72de109149,1655564426691,1655564426691,1655564426691.0,1655564426691.0,1655564426691.0
Larry Doshi,Larry.Doshi@test.com,8015551212,1716-01-01,13de6b85-7374-4330-95d6-2e6ed0d9f718,1655564390402,1655564390402,1655564390402.0,,1655564390402.0
Ashley Khatib,Ashley.Khatib@test.com,8015551212,1293-01-01,7dd46ec7-d3c8-4303-8964-32e4e5228afa,1655564422334,1655564422334,1655564422334.0,1655564422334.0,1655564422334.0
Jane Huey,Jane.Huey@test.com,8015551212,1075-01-01,8b5957cd-e79f-4ba8-a030-e8f4928aef34,1655563983629,1655563983629,1655563983629.0,,
Travis Anandh,Travis.Anandh@test.com,8015551212,1197-01-01,e6e4148e-fb5b-4423-8c1b-a978b8a0f713,1655563975550,1655563975550,1655563975550.0,1655563975550.0,
Bobby Davis,Bobby.Davis@test.com,8015551212,1138-01-01,db0fbb25-f82c-428c-823a-35274be4f259,1655564433827,1655564433827,1655564433827.0,1655564433827.0,
John Clayton,John.Clayton@test.com,8015551212,1032-01-01,dd192d35-6441-4a70-9c34-5fdc22a9b396,1655564441612,1655564441612,1655564441612.0,1655564441612.0,
Santosh Habschied,Santosh.Habschied@test.com,8015551212,1551-01-01,f7e54f10-4bef-48d3-a5a0-00eea199e6e2,1655564115304,1655564115304,1655564115304.0,1655564115304.0,1655564115304.0
Liz Khatib,Liz.Khatib@test.com,8015551212,1884-01-01,7f96dfa1-b3f6-4d68-bde8-05975711409e,1655564377636,1655564377636,1655564377636.0,,1655564377636.0
Danny Howard,Danny.Howard@test.com,8015551212,1383-01-01,a811085d-a89d-4428-b9c1-34cf4374a061,1655564415605,1655564415605,1655564415605.0,1655564415605.0,
Dan Ahmed,Dan.Ahmed@test.com,8015551212,1082-01-01,84f9e3ba-37e7-45c3-8965-4e571bd785b5,1655564148531,1655564148531,1655564148531.0,1655564148531.0,
Christina Hansen,Christina.Hansen@test.com,8015551212,1251-01-01,fd06c092-fd91-44d4-9c34-965cce396222,1655564425413,1655564425413,1655564425413.0,1655564425413.0,
Ashley Jefferson,Ashley.Jefferson@test.com,8015551212,1637-01-01,39dad66e-d6af-48b3-aa8d-9fad28bb72ee,1655564396635,1655564396635,1655564396635.0,,
Danny Lincoln,Danny.Lincoln@test.com,8015551212,1839-01-01,78089b5b-6444-4261-9e03-47ee0244e166,1655561994131,1655562052465,1655562052465.0,1655562052465.0,
Trevor Habschied,Trevor.Habschied@test.com,8015551212,1831-01-01,a0e24243-7fa0-4530-91f0-7bf689a8a93d,1655564381570,1655564381570,1655564381570.0,,1655564381570.0
Sean Abram,Sean.Abram@test.com,8015551212,1851-01-01,f4fe140d-c4db-4f54-98b9-65358d7cd583,1655564380108,1655564380108,1655564380108.0,,
Jaya Clayton,Jaya.Clayton@test.com,8015551212,1429-01-01,c5b8e7b8-cde3-4b00-a701-1c42171ec696,1655564412187,1655564412187,1655564412187.0,1655564412187.0,
David Anandh,David.Anandh@test.com,8015551212,1412-01-01,44a6940f-6d51-43d8-b169-04ffebfde5b4,1655564125126,1655564125126,1655564125126.0,1655564125126.0,1655564125126.0
Manoj Sanchez,Manoj.Sanchez@test.com,8015551212,1035-01-01,b9d5f97f-3f39-4c28-bddc-405158aec2e1,1655564441379,1655564441379,1655564441379.0,,
Bobby Staples,Bobby.Staples@test.com,8015551212,1200-01-01,092cbcde-3ce8-47bd-8082-062dfe826f2e,1655563242718,1655563310725,1655563310725.0,1655563310725.0,1655563310725.0
Frank Clayton,Frank.Clayton@test.com,8015551212,1400-01-01,58f86607-383c-45c6-ba99-73236bdc7760,1655564125967,1655564125967,1655564125967.0,1655564125967.0,
Christina Staples,Christina.Staples@test.com,8015551212,1528-01-01,f1d663c8-b642-4200-9130-78f466445ac1,1655564404722,1655564404722,1655564404722.0,,
Gail Spencer,Gail.Spencer@test.com,8015551212,1253-01-01,f8db5629-0c09-4002-8c11-1157d7ffa1b6,1655564425258,1655564425258,1655564425258.0,1655564425258.0,
Santosh Anandh,Santosh.Anandh@test.com,8015551212,1012-01-01,6c3e6f52-e408-4482-9d1b-3efa0bea5d0d,1655564443135,1655564443135,1655564443135.0,,1655564443135.0
Ashley Aristotle,Ashley.Aristotle@test.com,8015551212,1531-01-01,f7132b49-769b-4d7a-b364-38c2c09c93d7,1655562634681,1655562697854,1655562697854.0,,1655562697854.0
John Wu,John.Wu@test.com,8015551212,1938-01-01,70cdc373-146e-4de9-80b3-941129bc7e42,1655564373109,1655564373109,1655564373109.0,,
Spencer Doshi,Spencer.Doshi@test.com,8015551212,1771-01-01,ec7f887f-c7b7-4924-9359-57658d570f0d,1655564099591,1655564099591,1655564099591.0,1655564099591.0,1655564099591.0
John Phillips,John.Phillips@test.com,8015551212,1363-01-01,10ff43c3-8ada-467f-b093-467004269d05,1655564417051,1655564417051,1655564417051.0,,1655564417051.0
Spencer Aristotle,Spencer.Aristotle@test.com,8015551212,1629-01-01,71983b9f-8906-4646-a1da-2efae22e44f2,1655564109323,1655564109323,1655564109323.0,,
Angie Howard,Angie.Howard@test.com,8015551212,987-01-01,35aa4c4a-5d37-4375-8146-2d86fa155d4d,1655564155745,1655564155745,1655564155745.0,1655564155745.0,1655564155745.0
Travis Clark,Travis.Clark@test.com,8015551212,1878-01-01,3e5bd5f2-1b9f-4c03-a653-5da0f23764ae,1655564378076,1655564378076,1655564378076.0,,1655564378076.0
John Hansen,John.Hansen@test.com,8015551212,1347-01-01,6604516e-71f1-4b06-844d-9832974b847d,1655564418222,1655564418222,1655564418222.0,,1655564418222.0
Eric Ahmed,Eric.Ahmed@test.com,8015551212,1047-01-01,1b484949-a3a6-46dd-acc5-58d8972b7c54,1655563252811,1655563321027,1655563321027.0,,
Christina Jefferson,Christina.Jefferson@test.com,8015551212,995-01-01,fed8059c-253e-4ac6-9f72-a45652aa5c52,1655564444423,1655564444423,1655564444423.0,1655564444423.0,1655564444423.0
Manoj Olson,Manoj.Olson@test.com,8015551212,1158-01-01,6ddaf045-73ee-42d5-8747-8b7adf356d7c,1655564432385,1655564432385,1655564432385.0,,1655564432385.0
Frank Khatib,Frank.Khatib@test.com,8015551212,1371-01-01,1917aa97-b0b3-4698-b4bf-5622d1333055,1655564416483,1655564416483,1655564416483.0,1655564416483.0,1655564416483.0
Craig Aristotle,Craig.Aristotle@test.com,8015551212,1947-01-01,25283939-e068-4db0-b55c-d3d4fb701070,1655563193679,1655563259416,1655563259416.0,1655563259416.0,
Jane Anderson,Jane.Anderson@test.com,8015551212,1092-01-01,5a7e5145-13f3-419a-a2b9-4295e178ca46,1655564437129,1655564437129,1655564437129.0,1655564437129.0,1655564437129.0
Christina Davis,Christina.Davis@test.com,8015551212,1882-01-01,9c467189-f7a0-4422-b4b6-2df48cf3bf0d,1655564377786,1655564377786,1655564377786.0,1655564377786.0,
Sarah Anandh,Sarah.Anandh@test.com,8015551212,1232-01-01,7d59e687-b190-4d1d-b906-d0d1665954f9,1655564426840,1655564426840,1655564426840.0,,
Jason Mitra,Jason.Mitra@test.com,8015551212,1895-01-01,25765bf7-af8a-4439-8a3e-b795d2a5d6a5,1655564090683,1655564090683,1655564090683.0,,1655564090683.0
Christina Aristotle,Christina.Aristotle@test.com,8015551212,1196-01-01,8b7ee672-ab6f-469a-b89b-23c85ea1b84c,1655564429580,1655564429580,1655564429580.0,1655564429580.0,1655564429580.0
Santosh Wu,Santosh.Wu@test.com,8015551212,1202-01-01,883e7d12-137a-4b4f-9876-5f25bda61a02,1655564429150,1655564429150,1655564429150.0,1655564429150.0,
Sarah Hansen,Sarah.Hansen@test.com,8015551212,1751-01-01,4772b7df-d506-4939-8b34-3b4a620fae94,1655564387654,1655564387654,1655564387654.0,,
Angie Wu,Angie.Wu@test.com,8015551212,1478-01-01,44208048-6a37-4985-a553-e4ac0a079f21,1655564120391,1655564120391,1655564120391.0,,1655564120391.0
Liz Olson,Liz.Olson@test.com,8015551212,1310-01-01,26ba9cdd-e66a-4de9-be34-28c8c2b6dc8d,1655563235416,1655563302899,1655563302899.0,,1655563302899.0
Manoj Hansen,Manoj.Hansen@test.com,8015551212,1036-01-01,efd6867c-fae7-4c48-a932-adcef5dbcf8e,1655564441307,1655564441307,1655564441307.0,1655564441307.0,1655564441307.0
Liz Spencer,Liz.Spencer@test.com,8015551212,1488-01-01,7a620470-1674-4e09-b332-a091e445523e,1655564407663,1655564407663,1655564407663.0,1655564407663.0,1655564407663.0
Gail Clayton,Gail.Clayton@test.com,8015551212,1204-01-01,be74c3d3-0f10-42ac-bc18-e5b12ff18bf2,1655564429008,1655564429008,1655564429008.0,1655564429008.0,
Chris Huey,Chris.Huey@test.com,8015551212,1796-01-01,68777b82-0e41-4c7f-a5b6-50e11630ee97,1655564384295,1655564384295,1655564384295.0,,
Travis Gonzalez,Travis.Gonzalez@test.com,8015551212,1206-01-01,04bdd634-acd3-40f7-a7e4-298f06c90a5a,1655564428862,1655564428862,1655564428862.0,,
David Anderson,David.Anderson@test.com,8015551212,1420-01-01,f0611874-2bf5-4200-a4c1-14aba3571d4e,1655564412850,1655564412850,1655564412850.0,1655564412850.0,1655564412850.0
Ben Doshi,Ben.Doshi@test.com,8015551212,1419-01-01,7f615c52-60c1-49a8-a2ae-e81287bc36bf,1655564412925,1655564412925,1655564412925.0,,1655564412925.0
Jerry Ahmed,Jerry.Ahmed@test.com,8015551212,1179-01-01,11ace61a-a6e4-4b74-85cc-7933a75e0f84,1655564430847,1655564430847,1655564430847.0,1655564430847.0,
Craig Ahmed,Craig.Ahmed@test.com,8015551212,1089-01-01,dacade4a-24c8-4e56-951e-64c822accc9d,1655564437339,1655564437339,1655564437339.0,,1655564437339.0
Ashley Clayton,Ashley.Clayton@test.com,8015551212,1059-01-01,e0e00884-25f9-4a15-8c38-7ca32961be2b,1655564439522,1655564439522,1655564439522.0,1655564439522.0,1655564439522.0
John Abram,John.Abram@test.com,8015551212,1236-01-01,114168c8-beac-4a77-8dfa-a7f0ec462e9f,1655563972994,1655563972994,1655563972994.0,,1655563972994.0
Angie Hansen,Angie.Hansen@test.com,8015551212,1743-01-01,95ff9bf4-e947-4672-80f8-c42208ce2755,1655564388278,1655564388278,1655564388278.0,,
Jaya Fibonnaci,Jaya.Fibonnaci@test.com,8015551212,1555-01-01,4c740370-e9cc-4a1e-8000-d8490484db0b,1655564402812,1655564402812,1655564402812.0,,
Angie Huey,Angie.Huey@test.com,8015551212,1901-01-01,e026e56a-9fcc-4576-a6cd-5815a82ec646,1655564376276,1655564376276,1655564376276.0,1655564376276.0,1655564376276.0
Spencer Anderson,Spencer.Anderson@test.com,8015551212,1298-01-01,fc5e4e87-e147-41ab-9a6e-6bd53e251889,1655564421961,1655564421961,1655564421961.0,,1655564421961.0
Lyn Anandh,Lyn.Anandh@test.com,8015551212,1123-01-01,651d1e45-f94a-4a53-8161-abff5442a6f1,1655564434907,1655564434907,1655564434907.0,,1655564434907.0
Danny Sanchez,Danny.Sanchez@test.com,8015551212,1623-01-01,fbc149ea-9d41-48d7-acb4-ae7dbaf4fc38,1655564397756,1655564397756,1655564397756.0,,
Larry Staples,Larry.Staples@test.com,8015551212,1441-01-01,c1857a22-a647-46d4-a03b-397bb515f0cd,1655564411328,1655564411328,1655564411328.0,1655564411328.0,
Liz Anderson,Liz.Anderson@test.com,8015551212,1803-01-01,e2da2120-8592-4620-9f96-820924f22739,1655564097356,1655564097356,1655564097356.0,,
Travis Fibonnaci,Travis.Fibonnaci@test.com,8015551212,1695-01-01,47c4229e-cfb6-4ed7-93c6-228762d91434,1655564392236,1655564392236,1655564392236.0,,
Sean Doshi,Sean.Doshi@test.com,8015551212,1847-01-01,2dc4d5c5-8688-47ae-ba2b-987752ea631e,1655564380391,1655564380391,1655564380391.0,,1655564380391.0
Edward Jefferson,Edward.Jefferson@test.com,8015551212,1305-01-01,47ac904c-6306-4603-8503-7958b81e6464,1655564421404,1655564421404,1655564421404.0,1655564421404.0,1655564421404.0
Jaya Smith,Jaya.Smith@test.com,8015551212,1178-01-01,c52ac856-ab6a-41c2-a05f-29aa4716a59a,1655564430918,1655564430918,1655564430918.0,,
Craig Habschied,Craig.Habschied@test.com,8015551212,1926-01-01,38a5324b-c29a-41b3-aa9d-e2ef921b93af,1655564374012,1655564374012,1655564374012.0,1655564374012.0,1655564374012.0
Ashley Jackson,Ashley.Jackson@test.com,8015551212,1581-01-01,bf4a7903-fcc1-42b2-86a6-8d9f6ca8fe6f,1655564400932,1655564400932,1655564400932.0,1655564400932.0,
Neeraj Staples,Neeraj.Staples@test.com,8015551212,1268-01-01,8eca1513-cac8-42eb-994f-f49c22ad3004,1655564135368,1655564135368,1655564135368.0,,1655564135368.0
David Aristotle,David.Aristotle@test.com,8015551212,1346-01-01,24eefd03-ac3d-4bc6-bca5-52d408201dff,1655564129827,1655564129827,1655564129827.0,1655564129827.0,
Christina Lincoln,Christina.Lincoln@test.com,8015551212,975-01-01,b3819654-20e8-4c78-b62d-1de36de0c2bb,1655564446058,1655564446058,1655564446058.0,,
Trevor Jefferson,Trevor.Jefferson@test.com,8015551212,1599-01-01,40bc8841-2f6f-47ef-9d1a-a3b3c626d4ad,1655564399604,1655564399604,1655564399604.0,1655564399604.0,
Travis Olson,Travis.Olson@test.com,8015551212,1508-01-01,00c5844e-ebb4-486b-aac6-17a9b9c80449,1655564406152,1655564406152,1655564406152.0,1655564406152.0,
Senthil Huey,Senthil.Huey@test.com,8015551212,1199-01-01,2f9154d0-89b7-4535-b8f3-cdd9780dfd5d,1655564429365,1655564429365,1655564429365.0,1655564429365.0,
Danny Harris,Danny.Harris@test.com,8015551212,1835-01-01,269ba607-c151-40a6-bfc1-7af0a212d0b5,1655564094988,1655564094988,1655564094988.0,1655564094988.0,
Trevor Jones,Trevor.Jones@test.com,8015551212,1131-01-01,0ef707e0-8785-4ef2-bf2b-9c048fa51742,1655564434330,1655564434330,1655564434330.0,,
Edward Anderson,Edward.Anderson@test.com,8015551212,1301-01-01,901cbdc6-730d-4bc5-9c27-a976a6084240,1655564133029,1655564133029,1655564133029.0,,1655564133029.0
Jaya Ahmed,Jaya.Ahmed@test.com,8015551212,1390-01-01,85ecfb57-c7ec-4ba4-b247-432b4fbd3f48,1655564126655,1655564126655,1655564126655.0,,1655564126655.0
Sean Harris,Sean.Harris@test.com,8015551212,1405-01-01,9803dcbc-f49b-459b-a149-845d47092334,1655564413980,1655564413980,1655564413980.0,,
Eric Olson,Eric.Olson@test.com,8015551212,1963-01-01,c31aa712-3e5a-4875-80f0-03d39b6fba97,1655564085466,1655564085466,1655564085466.0,,1655564085466.0
Dan Huey,Dan.Huey@test.com,8015551212,1398-01-01,026a08cf-0774-4ee9-9651-b2fc6c440116,1655564414489,1655564414489,1655564414489.0,,
Gail Mitra,Gail.Mitra@test.com,8015551212,1613-01-01,0a10888f-cfa7-45ba-9ca8-c806cf40a97b,1655564398569,1655564398569,1655564398569.0,,1655564398569.0
Suresh Clark,Suresh.Clark@test.com,8015551212,1913-01-01,7dd8a86e-1514-426d-b9c3-617f34203462,1655564375137,1655564375137,1655564375137.0,1655564375137.0,
Chris Olson,Chris.Olson@test.com,8015551212,1556-01-01,0fa49724-76a9-4c4a-828e-b70b19675d94,1655564402742,1655564402742,1655564402742.0,1655564402742.0,1655564402742.0
Frank Jefferson,Frank.Jefferson@test.com,8015551212,998-01-01,80962c51-536b-40e5-b7c4-c1b77d6ec5e2,1655564444193,1655564444193,1655564444193.0,,1655564444193.0
Santosh Mitra,Santosh.Mitra@test.com,8015551212,1452-01-01,e7ff9d1f-84a2-4158-a90c-4f23e514fd31,1655564410514,1655564410514,1655564410514.0,,
Jason Aristotle,Jason.Aristotle@test.com,8015551212,1524-01-01,8ee2d205-64da-4113-bd5e-fbd8105a8deb,1655564117197,1655564117197,1655564117197.0,1655564117197.0,
Sarah Sanchez,Sarah.Sanchez@test.com,8015551212,1507-01-01,681e8b8b-f73c-4b40-9594-6636546e6419,1655564406234,1655564406234,1655564406234.0,,1655564406234.0
Angie Abram,Angie.Abram@test.com,8015551212,1539-01-01,0d30f1a9-7492-4cc1-95df-d9f5a159ed92,1655564403947,1655564403947,1655564403947.0,,1655564403947.0
Christina Gonzalez,Christina.Gonzalez@test.com,8015551212,1944-01-01,9c16be12-b04d-4cfc-96a2-4d12b2cc7268,1655564372612,1655564372612,1655564372612.0,1655564372612.0,
Spencer Anandh,Spencer.Anandh@test.com,8015551212,1793-01-01,e98e55e5-3132-4787-b0a8-c2f67203e280,1655564098053,1655564098053,1655564098053.0,1655564098053.0,1655564098053.0
Trevor Khatib,Trevor.Khatib@test.com,8015551212,1228-01-01,22514e6e-4864-4a7b-aa73-6e3f6a6c6dd1,1655563973520,1655563973520,1655563973520.0,,1655563973520.0
Spencer Davis,Spencer.Davis@test.com,8015551212,1576-01-01,a0026b8d-d27f-4e0b-9495-7edc251856b9,1655564401322,1655564401322,1655564401322.0,1655564401322.0,1655564401322.0
Jacob Doshi,Jacob.Doshi@test.com,8015551212,990-01-01,8bfb6072-7ba4-4f4d-b188-3fdcc4d1a894,1655564444796,1655564444796,1655564444796.0,,
Travis Abram,Travis.Abram@test.com,8015551212,1374-01-01,e2d30dec-120a-4f37-b571-7c27f49cbde8,1655562436181,1655562497346,1655562497346.0,1655562497346.0,
Lyn Habschied,Lyn.Habschied@test.com,8015551212,1473-01-01,d5a9cbfd-80d0-4535-a506-d288e084e02a,1655564120739,1655564120739,1655564120739.0,1655564120739.0,1655564120739.0
Jerry Davis,Jerry.Davis@test.com,8015551212,1936-01-01,819f7bdd-2de0-4ea9-9382-896f4532b0b0,1655564373256,1655564373256,1655564373256.0,,1655564373256.0
Trevor Ahmed,Trevor.Ahmed@test.com,8015551212,1654-01-01,13ee02ac-37d3-40d2-af66-63c43d6ca079,1655564395318,1655564395318,1655564395318.0,,1655564395318.0
Dan Clark,Dan.Clark@test.com,8015551212,980-01-01,1716eff5-c596-46f6-ac5e-3939ace99dfe,1655564445664,1655564445664,1655564445664.0,,
Edward Howard,Edward.Howard@test.com,8015551212,1372-01-01,54edc2f5-eccd-48ba-acd1-f2edcb3a4188,1655564127936,1655564127936,1655564127936.0,1655564127936.0,1655564127936.0
Senthil Ahmed,Senthil.Ahmed@test.com,8015551212,1204-01-01,74c2aa75-0c13-42d1-861f-dbcef9d154ae,1655564139835,1655564139835,1655564139835.0,,1655564139835.0
Bobby Abram,Bobby.Abram@test.com,8015551212,1118-01-01,38ea8a60-998c-485c-a8b3-867c38e6d573,1655564145930,1655564145930,1655564145930.0,1655564145930.0,
Chris Aristotle,Chris.Aristotle@test.com,8015551212,1064-01-01,72a9fad5-e9c0-460c-b96b-887a83739b8f,1655564149968,1655564149968,1655564149968.0,1655564149968.0,
Angie Jackson,Angie.Jackson@test.com,8015551212,1715-01-01,cd094156-d643-4d1f-a6e6-bc0e13e4749a,1655564390474,1655564390474,1655564390474.0,1655564390474.0,
Gail Olson,Gail.Olson@test.com,8015551212,1011-01-01,2af6ef20-d51c-48ca-95be-4f91839d1bfa,1655564443211,1655564443211,1655564443211.0,1655564443211.0,1655564443211.0
Manoj Clark,Manoj.Clark@test.com,8015551212,1869-01-01,3d85a3a2-f5a3-47dc-a724-26f78368b5eb,1655564378738,1655564378738,1655564378738.0,1655564378738.0,
Jason Jefferson,Jason.Jefferson@test.com,8015551212,1497-01-01,54ec3234-6184-459d-be08-fc419d8eae3d,1655564406963,1655564406963,1655564406963.0,1655564406963.0,1655564406963.0
Lyn Huey,Lyn.Huey@test.com,8015551212,1307-01-01,4b391653-5b92-432c-a0fe-b6723cc2c5d7,1655564421257,1655564421257,1655564421257.0,1655564421257.0,1655564421257.0
Jerry Gonzalez,Jerry.Gonzalez@test.com,8015551212,973-01-01,d064a96f-820f-47ae-b53c-ed9552c6ff11,1655564156745,1655564156745,1655564156745.0,1655564156745.0,1655564156745.0
Gail Hansen,Gail.Hansen@test.com,8015551212,1361-01-01,a4ccdcc8-18c2-4d18-acc1-607da3852189,1655564417192,1655564417192,1655564417192.0,,
Jane Smith,Jane.Smith@test.com,8015551212,1915-01-01,1dbb8e45-0209-4298-9863-ca8b79402bc8,1655564089222,1655564089222,1655564089222.0,,1655564089222.0
Manoj Lincoln,Manoj.Lincoln@test.com,8015551212,1714-01-01,3cffba2f-1571-4d41-bddb-d0411972f1f3,1655564390544,1655564390544,1655564390544.0,,1655564390544.0
Larry Habschied,Larry.Habschied@test.com,8015551212,1518-01-01,7073f9fd-08d8-48d3-b02a-f20e03d17b31,1655564117613,1655564117613,1655564117613.0,1655564117613.0,
Liz Harris,Liz.Harris@test.com,8015551212,1212-01-01,190a62c5-17c6-49ac-9345-4ea62407fd21,1655563974569,1655563974569,1655563974569.0,,
Edward Huey,Edward.Huey@test.com,8015551212,997-01-01,8efe16a1-e7a8-4e8f-a0fa-1c5e6f46765e,1655563988875,1655563988875,1655563988875.0,,
Sarah Fibonnaci,Sarah.Fibonnaci@test.com,8015551212,1553-01-01,f4833035-1749-47a5-9a3d-db6bcbfdd7ff,1655564402952,1655564402952,1655564402952.0,1655564402952.0,1655564402952.0
Ashley Clark,Ashley.Clark@test.com,8015551212,992-01-01,daffd786-c146-43dc-90e6-6a0db1a7d2b7,1655563256403,1655563324549,1655563324549.0,,
Edward Abram,Edward.Abram@test.com,8015551212,1435-01-01,31cc254a-8982-4ace-a538-a556fdc2fec6,1655564411759,1655564411759,1655564411759.0,,1655564411759.0
Dan Mitra,Dan.Mitra@test.com,8015551212,985-01-01,028e23e7-4354-4006-bfac-82f14bd09375,1655563989627,1655563989627,1655563989627.0,,
Dan Anderson,Dan.Anderson@test.com,8015551212,1031-01-01,6cff7bf3-6f28-4b05-9b06-42d1fad912a0,1655564441691,1655564441691,1655564441691.0,,1655564441691.0
Bobby Doshi,Bobby.Doshi@test.com,8015551212,1344-01-01,c73c7ab8-a51d-4abb-9fe4-5cb4bef0ffd0,1655564418473,1655564418473,1655564418473.0,,
Eric Davis,Eric.Davis@test.com,8015551212,1257-01-01,f7d6bc7c-70bd-49fd-8374-4f8de45d1a45,1655564424958,1655564424958,1655564424958.0,,1655564424958.0
Ashley Ahmed,Ashley.Ahmed@test.com,8015551212,1117-01-01,e253b55b-1005-46d2-89dd-422daaaf48fa,1655564435335,1655564435335,1655564435335.0,1655564435335.0,1655564435335.0
Spencer Staples,Spencer.Staples@test.com,8015551212,1103-01-01,e474f16c-7834-4a08-9214-caa3b56abc17,1655564436339,1655564436339,1655564436339.0,,
Gail Anderson,Gail.Anderson@test.com,8015551212,1678-01-01,c2eb210f-7456-4793-ac59-9d7e8eafe80d,1655564393548,1655564393548,1655564393548.0,,1655564393548.0
Travis Phillips,Travis.Phillips@test.com,8015551212,1388-01-01,c58a48b8-b09f-42d5-b803-dda65d28632c,1655564415247,1655564415247,1655564415247.0,,1655564415247.0
Eric Anderson,Eric.Anderson@test.com,8015551212,977-01-01,fed501b8-0493-4e3b-ab4a-dac2b97888aa,1655564445897,1655564445897,1655564445897.0,,
Lyn Doshi,Lyn.Doshi@test.com,8015551212,1644-01-01,d2ff3040-3bec-4894-b51f-76a8df1ce1f4,1655564396106,1655564396106,1655564396106.0,,
David Phillips,David.Phillips@test.com,8015551212,1074-01-01,81fa9546-55d4-4afb-8938-1c96b6f9bf2f,1655564438419,1655564438419,1655564438419.0,,1655564438419.0
Jerry Phillips,Jerry.Phillips@test.com,8015551212,1748-01-01,3f3f5561-2a49-4a6d-9434-67f97a70c173,1655564387888,1655564387888,1655564387888.0,1655564387888.0,1655564387888.0
Bobby Lincoln,Bobby.Lincoln@test.com,8015551212,1583-01-01,7a7482d0-f1f1-4b0b-91b8-9c08248f0735,1655564400787,1655564400787,1655564400787.0,1655564400787.0,
Angie Smith,Angie.Smith@test.com,8015551212,1796-01-01,9f7ec4c4-3f8c-4be1-882d-d821d26ec006,1655563935587,1655563935587,1655563935587.0,1655563935587.0,1655563935587.0
Bobby Olson,Bobby.Olson@test.com,8015551212,1072-01-01,d0f2de3d-79a4-4e35-aebe-1f4abd67d466,1655564438566,1655564438566,1655564438566.0,,
Jason Phillips,Jason.Phillips@test.com,8015551212,1113-01-01,5c12e301-0fe7-418d-ad41-4205ae36b25f,1655564435619,1655564435619,1655564435619.0,1655564435619.0,
Neeraj Smith,Neeraj.Smith@test.com,8015551212,1435-01-01,97137a1a-78ff-4d77-8ca5-1d09dd4410d9,1655564123434,1655564123434,1655564123434.0,,
Manoj Aristotle,Manoj.Aristotle@test.com,8015551212,1134-01-01,d73158ce-d2c7-477f-bbfc-8d5ef4e106e9,1655564434114,1655564434114,1655564434114.0,1655564434114.0,1655564434114.0
Jerry Jackson,Jerry.Jackson@test.com,8015551212,1792-01-01,6f911852-1ea3-478a-a09f-a6e7bd0a50e1,1655564384579,1655564384579,1655564384579.0,1655564384579.0,1655564384579.0
Chris Jackson,Chris.Jackson@test.com,8015551212,1820-01-01,7636bcd6-7d1d-49df-996e-7196957ebe42,1655564382488,1655564382488,1655564382488.0,,
Jane Khatib,Jane.Khatib@test.com,8015551212,1364-01-01,6621a7de-b9e4-433d-a337-1eae1dfbf1bf,1655564416982,1655564416982,1655564416982.0,1655564416982.0,
Travis Spencer,Travis.Spencer@test.com,8015551212,1712-01-01,589c6414-e75e-4d5a-aa2f-06f090d8b5d5,1655564390692,1655564390692,1655564390692.0,,1655564390692.0
Manoj Jackson,Manoj.Jackson@test.com,8015551212,1066-01-01,9bb0c20d-b5b7-41a5-b175-f51f6c7d7328,1655564438999,1655564438999,1655564438999.0,,1655564438999.0
Travis Wu,Travis.Wu@test.com,8015551212,1600-01-01,d3a8462d-4301-473d-adf6-2f5edb956b8c,1655564111322,1655564111322,1655564111322.0,1655564111322.0,1655564111322.0
Liz Smith,Liz.Smith@test.com,8015551212,1324-01-01,26ce0d18-8d57-4e8a-96dd-d2e018bbfaaf,1655564419952,1655564419952,1655564419952.0,1655564419952.0,
Jaya Jones,Jaya.Jones@test.com,8015551212,1391-01-01,39f57dc1-e0e8-4d3e-acc0-187372f25c58,1655564415022,1655564415022,1655564415022.0,,1655564415022.0
Jerry Khatib,Jerry.Khatib@test.com,8015551212,1869-01-01,7647da84-f26a-4c2f-a676-d6551b349596,1655563930925,1655563930925,1655563930925.0,,
Bobby Smith,Bobby.Smith@test.com,8015551212,1110-01-01,179eb5d0-f2e7-4244-9ba0-6cc8fbd30c7a,1655564146491,1655564146491,1655564146491.0,1655564146491.0,1655564146491.0
Jason Wu,Jason.Wu@test.com,8015551212,1496-01-01,68755b92-d4c2-4766-9b64-2c3be7ffebca,1655563955398,1655563955398,1655563955398.0,1655563955398.0,
Chris Phillips,Chris.Phillips@test.com,8015551212,1393-01-01,f7e5cb85-973e-462d-b343-7218e2390566,1655564414878,1655564414878,1655564414878.0,1655564414878.0,1655564414878.0
Jaya Staples,Jaya.Staples@test.com,8015551212,1067-01-01,3e3af2ba-5eff-4d1a-8e44-8c993ec3da67,1655564149744,1655564149744,1655564149744.0,1655564149744.0,
Eric Doshi,Eric.Doshi@test.com,8015551212,1669-01-01,8b78487b-a4f3-40b9-ae51-bffd4559dd52,1655564394250,1655564394250,1655564394250.0,1655564394250.0,1655564394250.0
John Aristotle,John.Aristotle@test.com,8015551212,1750-01-01,18695222-1681-41bf-a691-a249ba0a99d5,1655564387737,1655564387737,1655564387737.0,1655564387737.0,1655564387737.0
Sarah Mitra,Sarah.Mitra@test.com,8015551212,978-01-01,68f9d586-112d-4f06-a021-86eec38547ca,1655564445817,1655564445817,1655564445817.0,,
Santosh Aristotle,Santosh.Aristotle@test.com,8015551212,1454-01-01,ebfba8f8-8ead-4dd7-98a0-62e9727995dc,1655564122091,1655564122091,1655564122091.0,,
Lyn Fibonnaci,Lyn.Fibonnaci@test.com,8015551212,1068-01-01,df63b6a1-9260-440d-81d4-bf12528e13fb,1655564438855,1655564438855,1655564438855.0,1655564438855.0,
Craig Mitra,Craig.Mitra@test.com,8015551212,1409-01-01,2c437417-d14d-4898-9b51-8edff01c0ab1,1655564413668,1655564413668,1655564413668.0,1655564413668.0,
Neeraj Wu,Neeraj.Wu@test.com,8015551212,1823-01-01,33203f2d-5f41-4836-8594-cb88b8e4b5f3,1655564382233,1655564382233,1655564382233.0,1655564382233.0,1655564382233.0
Gail Doshi,Gail.Doshi@test.com,8015551212,1394-01-01,7c268067-4dff-4ff9-94b7-bc74938d0bbe,1655564414808,1655564414808,1655564414808.0,1655564414808.0,
Jason Khatib,Jason.Khatib@test.com,8015551212,1189-01-01,d777edd9-3d09-4b66-99a7-7d9644a56eeb,1655564430089,1655564430089,1655564430089.0,,1655564430089.0
Spencer Wu,Spencer.Wu@test.com,8015551212,1646-01-01,af9000cd-404f-4a9e-b8ae-c101e6ea878e,1655564395946,1655564395946,1655564395946.0,,1655564395946.0
Sarah Howard,Sarah.Howard@test.com,8015551212,1162-01-01,7388a704-dd3f-4b5e-96db-39462e9cd815,1655564432097,1655564432097,1655564432097.0,,1655564432097.0
Jerry Staples,Jerry.Staples@test.com,8015551212,1125-01-01,cd7d518f-53d9-4b41-be79-cafd837d0289,1655564434764,1655564434764,1655564434764.0,1655564434764.0,1655564434764.0
Eric Clark,Eric.Clark@test.com,8015551212,1581-01-01,9710fefa-7596-4d65-a4b4-1b1838b047bc,1655564113180,1655564113180,1655564113180.0,,1655564113180.0
Jason Clark,Jason.Clark@test.com,8015551212,1868-01-01,d6b5f0fd-b9e8-4e76-9195-de368b7dc6eb,1655564378814,1655564378814,1655564378814.0,,
Christina Smith,Christina.Smith@test.com,8015551212,1068-01-01,55f0d67a-fef6-40b7-b144-93d2aa49d6cd,1655564149663,1655564149663,1655564149664.0,1655564149664.0,
Jaya Aristotle,Jaya.Aristotle@test.com,8015551212,1677-01-01,a5d63530-aa58-4a81-b872-ec3ee6ef8200,1655564106007,1655564106007,1655564106007.0,,1655564106007.0
Danny Fibonnaci,Danny.Fibonnaci@test.com,8015551212,1489-01-01,167b9c6e-7a4e-4da2-a880-5c76a7535ce1,1655564407584,1655564407584,1655564407584.0,,
Jerry Clayton,Jerry.Clayton@test.com,8015551212,1217-01-01,d4c11c40-6a68-482e-9d25-389de5ff2709,1655564428024,1655564428024,1655564428024.0,1655564428024.0,
Dan Howard,Dan.Howard@test.com,8015551212,1622-01-01,5c6ddeb3-dce1-4e7f-b4ef-47d7e6425df6,1655564397834,1655564397834,1655564397834.0,,1655564397834.0
Lyn Mitra,Lyn.Mitra@test.com,8015551212,1396-01-01,4a64a3a8-a5ea-46ae-a5c5-993b23bdeb14,1655564414659,1655564414659,1655564414659.0,1655564414659.0,
Jason Clayton,Jason.Clayton@test.com,8015551212,1366-01-01,8caad855-8fb2-4e49-aff4-33aed0594897,1655564416837,1655564416837,1655564416837.0,,1655564416837.0
Chris Jones,Chris.Jones@test.com,8015551212,1596-01-01,8e8b1abd-6751-44d7-a52e-a41fa1308f9a,1655564399831,1655564399831,1655564399831.0,1655564399831.0,1655564399831.0
Liz Clark,Liz.Clark@test.com,8015551212,1191-01-01,1751b95c-5d4d-4b20-bf54-15b1a0c8427d,1655564140744,1655564140744,1655564140744.0,1655564140744.0,1655564140744.0
Senthil Howard,Senthil.Howard@test.com,8015551212,1902-01-01,1dfad22d-e71f-41bc-88ea-94e904275b35,1655564376196,1655564376196,1655564376196.0,1655564376196.0,
Chris Fibonnaci,Chris.Fibonnaci@test.com,8015551212,1376-01-01,ad0073e8-ce4d-47da-b8de-56c691a54860,1655564416120,1655564416120,1655564416120.0,,1655564416120.0
Larry Spencer,Larry.Spencer@test.com,8015551212,1423-01-01,83f3627b-7dc2-48e8-b196-fc2914db3ef4,1655563227843,1655563295248,1655563295248.0,1655563295248.0,1655563295248.0
Angie Harris,Angie.Harris@test.com,8015551212,1619-01-01,8fe9883f-6d77-49f2-adf1-b4473b1b9690,1655564398116,1655564398116,1655564398116.0,,
Gail Habschied,Gail.Habschied@test.com,8015551212,1216-01-01,671fbf9d-c08a-49a1-a4c1-825046404ba7,1655564428101,1655564428101,1655564428101.0,,
Travis Davis,Travis.Davis@test.com,8015551212,1450-01-01,e0260f41-cba2-4e78-b94f-bde4ebfdb765,1655564410668,1655564410668,1655564410668.0,,1655564410668.0
Jaya Abram,Jaya.Abram@test.com,8015551212,1484-01-01,23fcbd51-9a56-48d1-8d4a-46a7426f4eb5,1655564407968,1655564407968,1655564407968.0,,
Lyn Jackson,Lyn.Jackson@test.com,8015551212,1802-01-01,abe1cdc7-94f5-4e17-aa55-1342bd7de357,1655564097428,1655564097428,1655564097428.0,1655564097428.0,1655564097428.0
Danny Anandh,Danny.Anandh@test.com,8015551212,1254-01-01,358dea74-8e8a-43be-b48c-f4e799802888,1655564425183,1655564425183,1655564425183.0,1655564425183.0,1655564425183.0
Gail Jones,Gail.Jones@test.com,8015551212,1208-01-01,facde9be-1073-4959-bbb9-72040129a29b,1655564428723,1655564428723,1655564428723.0,1655564428723.0,1655564428723.0
Bobby Khatib,Bobby.Khatib@test.com,8015551212,1572-01-01,00d190b9-9499-42e5-a05d-a6ee00d6447a,1655563950042,1655563950042,1655563950042.0,1655563950042.0,1655563950042.0
Ashley Phillips,Ashley.Phillips@test.com,8015551212,1919-01-01,ad6dcddb-0b4f-4e5e-9fa2-b0480b900042,1655564374571,1655564374571,1655564374571.0,,1655564374571.0
Chris Clark,Chris.Clark@test.com,8015551212,1498-01-01,35f880bc-afd8-49a5-806b-2da3a8c2a9a8,1655564406893,1655564406893,1655564406893.0,,1655564406893.0
Jane Mitra,Jane.Mitra@test.com,8015551212,1084-01-01,6a5e12f7-e2cc-41ca-a5df-9f8b779f180e,1655564437700,1655564437700,1655564437700.0,,
Lyn Jones,Lyn.Jones@test.com,8015551212,982-01-01,218cd14d-b8cc-415a-bfed-246c6ebe94bf,1655564445515,1655564445515,1655564445515.0,1655564445515.0,
Larry Jones,Larry.Jones@test.com,8015551212,1606-01-01,f212d660-7970-4916-b6eb-e69e6719e800,1655564399103,1655564399103,1655564399103.0,,1655564399103.0
Sean Clayton,Sean.Clayton@test.com,8015551212,1167-01-01,d761f32b-b1e2-4da4-ae3f-681337b813a6,1655563977521,1655563977521,1655563977521.0,1655563977521.0,
Liz Gonzalez,Liz.Gonzalez@test.com,8015551212,1805-01-01,929e2d47-fb36-4d8f-9954-0696c4ec9019,1655563202911,1655563269272,1655563269272.0,1655563269272.0,1655563269272.0
Ben Staples,Ben.Staples@test.com,8015551212,1360-01-01,295f2705-b64f-47c6-99f2-c134ada59033,1655564417265,1655564417265,1655564417265.0,,1655564417265.0
Jane Harris,Jane.Harris@test.com,8015551212,1020-01-01,021a3a98-f8b6-4cc3-82c2-9a5ef89bd8bf,1655564442511,1655564442511,1655564442511.0,1655564442511.0,
Chris Anderson,Chris.Anderson@test.com,8015551212,1180-01-01,8b10f3a3-f5f0-4c15-a822-e9be5fd2c268,1655564430776,1655564430776,1655564430776.0,,
Danny Jones,Danny.Jones@test.com,8015551212,1444-01-01,a05d2637-8da9-49f8-ada6-800538bcefec,1655564411114,1655564411114,1655564411114.0,,
Liz Wu,Liz.Wu@test.com,8015551212,1152-01-01,cc51443f-dba9-4b43-a379-8a80fba71529,1655564432819,1655564432819,1655564432819.0,,1655564432819.0
Neeraj Phillips,Neeraj.Phillips@test.com,8015551212,1298-01-01,6063ae70-2089-432d-9e88-d2b346a58ff1,1655563968752,1655563968752,1655563968752.0,1655563968752.0,1655563968752.0
Jerry Wu,Jerry.Wu@test.com,8015551212,1222-01-01,c5a62d25-a0bc-4231-80c2-1f7bcf9435b8,1655564427631,1655564427631,1655564427631.0,,1655564427631.0
Sean Davis,Sean.Davis@test.com,8015551212,1306-01-01,42fd00fc-af84-4463-a0f8-2c3d96a46a6e,1655564421331,1655564421331,1655564421331.0,,1655564421331.0
Spencer Jones,Spencer.Jones@test.com,8015551212,1639-01-01,8a6ff576-1011-4abe-8889-e3c8a2a755f6,1655564396478,1655564396478,1655564396478.0,,1655564396478.0
Suresh Aristotle,Suresh.Aristotle@test.com,8015551212,1610-01-01,8779bb6a-4568-47b3-b304-cc06eaf8c424,1655564398809,1655564398809,1655564398809.0,1655564398809.0,1655564398809.0
Chris Mitra,Chris.Mitra@test.com,8015551212,1175-01-01,20e0e292-48de-41a2-bfc1-821972e1334b,1655563976992,1655563976992,1655563976992.0,1655563976992.0,
Suresh Jefferson,Suresh.Jefferson@test.com,8015551212,1219-01-01,8dc7645e-9700-4304-bba0-c5818b438806,1655564138779,1655564138779,1655564138779.0,,1655564138779.0
Jason Gonzalez,Jason.Gonzalez@test.com,8015551212,1532-01-01,6dde4d16-e670-4a8d-9e7f-8a4a02dd0e68,1655564404441,1655564404441,1655564404441.0,,
Dan Staples,Dan.Staples@test.com,8015551212,1445-01-01,de9d55a9-9438-489b-9dbf-37c35110b3c1,1655563959009,1655563959009,1655563959009.0,,
Jacob Aristotle,Jacob.Aristotle@test.com,8015551212,1336-01-01,010f180d-eec9-4a5b-a03b-7feddbf08b62,1655564419073,1655564419073,1655564419073.0,1655564419073.0,
Travis Doshi,Travis.Doshi@test.com,8015551212,1509-01-01,00df663d-7464-4d28-b3a6-954c3daa9086,1655564406068,1655564406068,1655564406068.0,,1655564406068.0
Angie Jefferson,Angie.Jefferson@test.com,8015551212,1116-01-01,7da0c779-3a0b-4d2d-b77a-f816f9b5bc64,1655564435406,1655564435406,1655564435406.0,,
Ashley Davis,Ashley.Davis@test.com,8015551212,1008-01-01,d80edebc-624d-442f-a1ac-21c7bd628920,1655564154282,1655564154282,1655564154282.0,1655564154282.0,1655564154282.0
John Fibonnaci,John.Fibonnaci@test.com,8015551212,1882-01-01,3689766a-2b96-4272-8b60-e57f0c067b93,1655563197928,1655563264021,1655563264021.0,1655563264021.0,1655563264021.0
Spencer Habschied,Spencer.Habschied@test.com,8015551212,1604-01-01,77b91f21-a736-4e88-a698-0b0708253296,1655564399249,1655564399249,1655564399249.0,,1655564399249.0
Eric Khatib,Eric.Khatib@test.com,8015551212,1011-01-01,b49a52fa-06e1-4820-9f22-abbde3c75677,1655564154071,1655564154071,1655564154071.0,1655564154071.0,1655564154071.0
Jaya Gonzalez,Jaya.Gonzalez@test.com,8015551212,1228-01-01,94084541-f698-4778-976d-26f7bf874395,1655564427147,1655564427147,1655564427147.0,1655564427147.0,1655564427147.0
Ashley Gonzalez,Ashley.Gonzalez@test.com,8015551212,1501-01-01,326d70d4-f38d-4886-8706-ebe6a4575675,1655564118788,1655564118788,1655564118788.0,1655564118788.0,1655564118788.0
Sean Howard,Sean.Howard@test.com,8015551212,1475-01-01,49b3912e-2ae6-40d3-838c-cc3ead3ca838,1655564408753,1655564408753,1655564408753.0,,
Jason Staples,Jason.Staples@test.com,8015551212,1953-01-01,0382c891-e0a2-4703-b7a6-2eee817fe4ba,1655564086368,1655564086368,1655564086368.0,,
Jane Olson,Jane.Olson@test.com,8015551212,1348-01-01,4fd8a058-12d5-4ab7-a9de-a51083e59127,1655564418144,1655564418144,1655564418144.0,1655564418144.0,
Chris Howard,Chris.Howard@test.com,8015551212,1372-01-01,a053743c-f2ab-4394-a06b-7083e57eb46a,1655564416411,1655564416411,1655564416411.0,,
David Smith,David.Smith@test.com,8015551212,970-01-01,fb85c255-273f-47ef-bb9e-caeccb380b76,1655564446449,1655564446449,1655564446449.0,1655564446449.0,1655564446449.0
David Clark,David.Clark@test.com,8015551212,1873-01-01,56e3947b-c3b8-489b-80db-d0d0beeca472,1655564378457,1655564378457,1655564378457.0,1655564378457.0,1655564378457.0
Sarah Jackson,Sarah.Jackson@test.com,8015551212,984-01-01,6a180ecf-0128-4619-9610-8e3350ac0737,1655564445338,1655564445338,1655564445338.0,1655564445338.0,1655564445338.0
Edward Spencer,Edward.Spencer@test.com,8015551212,1171-01-01,57ed0ed3-a3c6-4da6-9547-7811114a758e,1655564431430,1655564431430,1655564431430.0,,
Larry Harris,Larry.Harris@test.com,8015551212,1155-01-01,30a55110-aa06-423b-89f0-e72d39c14e5b,1655564432603,1655564432603,1655564432603.0,1655564432603.0,
Chris Harris,Chris.Harris@test.com,8015551212,1492-01-01,2fea569d-33b9-4087-9a05-68738ee64345,1655564407355,1655564407355,1655564407355.0,,1655564407355.0
Jason Jackson,Jason.Jackson@test.com,8015551212,1302-01-01,81e76291-995f-429e-84e2-6e8ca0feb9e8,1655564421636,1655564421636,1655564421636.0,1655564421636.0,1655564421636.0
Jerry Spencer,Jerry.Spencer@test.com,8015551212,1493-01-01,72da28fa-c373-4ae7-8bc2-72e6fd679690,1655564407270,1655564407270,1655564407270.0,1655564407270.0,1655564407270.0
Jerry Habschied,Jerry.Habschied@test.com,8015551212,1480-01-01,d750c3e3-4a6a-4e50-ad91-9ff1dbf0b78d,1655564408337,1655564408337,1655564408337.0,,
Frank Jackson,Frank.Jackson@test.com,8015551212,1597-01-01,d9e56b51-0c23-4ac1-aeed-3d91f75ec0be,1655564399756,1655564399756,1655564399756.0,1655564399756.0,
Danny Phillips,Danny.Phillips@test.com,8015551212,1362-01-01,c007feb7-dc9b-4233-9246-ecc7bfa20785,1655564417122,1655564417122,1655564417122.0,1655564417122.0,
Dan Phillips,Dan.Phillips@test.com,8015551212,1005-01-01,3613e71f-6d4f-4cf1-8c89-23f33441e6c9,1655562458357,1655562521196,1655562521196.0,1655562521196.0,1655562521196.0
Frank Huey,Frank.Huey@test.com,8015551212,999-01-01,4c554d79-0180-43db-b2c1-41508abda6b3,1655564444120,1655564444120,1655564444120.0,1655564444120.0,
Edward Clark,Edward.Clark@test.com,8015551212,1332-01-01,07194ed3-18ba-42e1-9771-7b785224df9d,1655562646309,1655562710828,1655562710828.0,1655562710828.0,1655562710828.0
Sean Clark,Sean.Clark@test.com,8015551212,1519-01-01,e11328e4-02c4-4207-92d9-0258502a33b9,1655564405358,1655564405358,1655564405358.0,1655564405358.0,1655564405358.0
Frank Smith,Frank.Smith@test.com,8015551212,981-01-01,566a4578-c44c-474c-a645-eb6d9349e77a,1655564445587,1655564445587,1655564445587.0,,1655564445587.0
Senthil Anderson,Senthil.Anderson@test.com,8015551212,1837-01-01,386452f1-79c8-4a6a-90b7-89bd6bf5b0f4,1655563932990,1655563932990,1655563932990.0,1655563932990.0,
Trevor Wu,Trevor.Wu@test.com,8015551212,1334-01-01,d171178c-13ef-4fec-83c2-8df0b5eda02a,1655564419215,1655564419215,1655564419215.0,1655564419215.0,
Neeraj Sanchez,Neeraj.Sanchez@test.com,8015551212,1617-01-01,b357e335-bdb6-4127-a6cd-5dbdda6aacde,1655564398266,1655564398266,1655564398266.0,,1655564398266.0
Sean Sanchez,Sean.Sanchez@test.com,8015551212,1402-01-01,51993de4-04d3-44c1-b651-f5a1c3dd0f55,1655564414198,1655564414198,1655564414198.0,,1655564414198.0
Manoj Fibonnaci,Manoj.Fibonnaci@test.com,8015551212,1552-01-01,3d5c36e2-8364-4598-9cda-616dfe9acc56,1655564403025,1655564403025,1655564403025.0,,1655564403025.0
Lyn Khatib,Lyn.Khatib@test.com,8015551212,1150-01-01,48a9612a-0ad5-482c-988a-14b18171bf9b,1655564432964,1655564432964,1655564432964.0,1655564432964.0,1655564432964.0
Senthil Olson,Senthil.Olson@test.com,8015551212,1949-01-01,3a4318a7-d31b-422d-9134-d88115e8eb9d,1655563925770,1655563925770,1655563925770.0,,
Jacob Huey,Jacob.Huey@test.com,8015551212,1540-01-01,b9b36cc5-0b23-4892-b82e-a744af9e2b17,1655564403876,1655564403876,1655564403876.0,,1655564403876.0
Senthil Spencer,Senthil.Spencer@test.com,8015551212,1024-01-01,10406b0f-6db1-4e03-a8a1-e08592f8e9b7,1655564153165,1655564153165,1655564153165.0,1655564153165.0,1655564153165.0
Manoj Khatib,Manoj.Khatib@test.com,8015551212,1126-01-01,bc8f04ed-2893-42a4-b96f-cd483b20325a,1655563980199,1655563980199,1655563980199.0,1655563980199.0,
Suresh Davis,Suresh.Davis@test.com,8015551212,1927-01-01,addfed4f-228c-48a8-93b8-907ad8c7a7bf,1655564373944,1655564373944,1655564373944.0,,1655564373944.0
Bobby Anderson,Bobby.Anderson@test.com,8015551212,1076-01-01,b8ba2935-a6d8-44cf-b98a-f2e922beb394,1655564438278,1655564438278,1655564438278.0,1655564438278.0,1655564438278.0
David Doshi,David.Doshi@test.com,8015551212,1961-01-01,57dc85a7-bd11-4f98-89f0-226345bc4a2a,1655562607544,1655562670011,1655562670011.0,1655562670011.0,1655562670011.0
Trevor Abram,Trevor.Abram@test.com,8015551212,1236-01-01,16ea267c-a741-4103-afd1-f523ae3c4fbe,1655564426544,1655564426544,1655564426544.0,,1655564426544.0
Jane Abram,Jane.Abram@test.com,8015551212,1521-01-01,4cdf7801-127a-4dd3-83a1-bc1775300cb7,1655564405216,1655564405216,1655564405216.0,1655564405216.0,1655564405216.0
Jerry Smith,Jerry.Smith@test.com,8015551212,1580-01-01,3d51cc18-b0fd-44b2-9676-ee27b2e0ea66,1655564401008,1655564401008,1655564401008.0,1655564401008.0,1655564401008.0
Eric Staples,Eric.Staples@test.com,8015551212,1349-01-01,0aa50d7f-463c-4058-adc9-edd38330a2f9,1655564129536,1655564129536,1655564129536.0,,
David Davis,David.Davis@test.com,8015551212,1327-01-01,caeaba5d-eeff-4389-b832-81179e7e3ee0,1655564419723,1655564419723,1655564419723.0,,
Senthil Clayton,Senthil.Clayton@test.com,8015551212,1141-01-01,05f22924-dd4b-4da7-9ec6-aaf10bb731d0,1655564144299,1655564144299,1655564144299.0,1655564144299.0,
Bobby Fibonnaci,Bobby.Fibonnaci@test.com,8015551212,1284-01-01,d8fdc8f3-0d5e-4435-a927-1712f4bda9cb,1655564423023,1655564423023,1655564423023.0,1655564423023.0,1655564423023.0
Manoj Anderson,Manoj.Anderson@test.com,8015551212,1461-01-01,939b97a3-293d-4727-a694-ccc24c9cb486,1655564409808,1655564409808,1655564409808.0,,
Suresh Doshi,Suresh.Doshi@test.com,8015551212,1337-01-01,821dc02a-8e67-460d-a619-2930aec15fbc,1655564130469,1655564130469,1655564130469.0,1655564130469.0,1655564130469.0
Ben Jones,Ben.Jones@test.com,8015551212,1209-01-01,6cce09ea-9d40-4785-908a-55b10783f2b2,1655564428649,1655564428649,1655564428649.0,1655564428649.0,1655564428649.0
Dan Anandh,Dan.Anandh@test.com,8015551212,1217-01-01,d9e3ef45-d77c-4266-8c66-be438ed79ec9,1655563974242,1655563974242,1655563974242.0,1655563974242.0,1655563974242.0
Ben Mitra,Ben.Mitra@test.com,8015551212,1937-01-01,606737ad-3cac-4e50-9627-39686a68f5b3,1655564373182,1655564373182,1655564373182.0,1655564373182.0,1655564373182.0
Danny Clayton,Danny.Clayton@test.com,8015551212,1048-01-01,61d1e4e6-b700-47d1-84c1-0b34af3e46ac,1655564440378,1655564440378,1655564440378.0,,1655564440378.0
Jerry Jones,Jerry.Jones@test.com,8015551212,1104-01-01,b2a8fd05-fd08-4bee-bf18-58f0fbeeb98e,1655564436268,1655564436268,1655564436268.0,1655564436268.0,
Neeraj Jefferson,Neeraj.Jefferson@test.com,8015551212,1282-01-01,5abe8601-a4aa-4e7d-8fe2-852398295f4a,1655564423168,1655564423168,1655564423168.0,,1655564423168.0
Bobby Gonzalez,Bobby.Gonzalez@test.com,8015551212,1143-01-01,d076c8ed-0964-4b9c-94f2-b00244d4812f,1655564433469,1655564433469,1655564433469.0,,
Christina Doshi,Christina.Doshi@test.com,8015551212,1085-01-01,ba8b14f2-5aed-405d-93bb-993bc9bb930a,1655564437628,1655564437628,1655564437628.0,,1655564437628.0
Gail Anandh,Gail.Anandh@test.com,8015551212,1003-01-01,185a5057-22ad-40f3-9dc8-fa21c79bc442,1655564443813,1655564443813,1655564443813.0,,1655564443813.0
Neeraj Davis,Neeraj.Davis@test.com,8015551212,1512-01-01,b902cbd2-e489-45f9-8d99-99c561a5ed14,1655564405855,1655564405855,1655564405855.0,1655564405855.0,
Jacob Jones,Jacob.Jones@test.com,8015551212,1105-01-01,1f4239eb-cae9-4855-9d32-55a9086fa6d5,1655564146839,1655564146839,1655564146839.0,,1655564146839.0
Suresh Spencer,Suresh.Spencer@test.com,8015551212,1128-01-01,f6963c38-0052-43ad-9c41-c5227b996aa2,1655564434549,1655564434549,1655564434549.0,1655564434549.0,
Sean Olson,Sean.Olson@test.com,8015551212,1738-01-01,58454b73-db15-45e4-8b41-2c896852dfed,1655564388733,1655564388733,1655564388733.0,1655564388733.0,1655564388733.0
Christina Spencer,Christina.Spencer@test.com,8015551212,1533-01-01,217370df-e87b-4477-8b10-05a8ad424fa5,1655564404366,1655564404366,1655564404366.0,1655564404366.0,
Spencer Hansen,Spencer.Hansen@test.com,8015551212,1879-01-01,c9bae8e1-0789-41e4-b19c-e926d61e1dbb,1655564378005,1655564378005,1655564378005.0,1655564378005.0,
Spencer Fibonnaci,Spencer.Fibonnaci@test.com,8015551212,1308-01-01,87c5cb83-9de6-49d8-a050-975ee4d2eb9f,1655564421180,1655564421180,1655564421180.0,,1655564421180.0
Danny Jackson,Danny.Jackson@test.com,8015551212,1038-01-01,6bf5aff6-e324-4b74-8ca9-472d8467441d,1655564441167,1655564441167,1655564441167.0,1655564441167.0,1655564441167.0
Jason Anandh,Jason.Anandh@test.com,8015551212,1623-01-01,1d40609e-ee35-4352-8053-af6186d109f6,1655564109739,1655564109739,1655564109739.0,,1655564109739.0
Bobby Jefferson,Bobby.Jefferson@test.com,8015551212,1385-01-01,72ec6b97-0bde-4840-a783-348e2cc0d1a3,1655564415460,1655564415460,1655564415460.0,,1655564415460.0
Jacob Clark,Jacob.Clark@test.com,8015551212,1943-01-01,531bee92-b009-46df-8663-8f31ee4b1e63,1655564087174,1655564087174,1655564087174.0,1655564087174.0,
Trevor Spencer,Trevor.Spencer@test.com,8015551212,1937-01-01,4b510837-515e-4656-b8d5-4f2fe1889fd1,1655564087601,1655564087601,1655564087601.0,,
Larry Gonzalez,Larry.Gonzalez@test.com,8015551212,1326-01-01,ab6d4e32-de8b-41bc-a724-45b47935076d,1655564419797,1655564419797,1655564419797.0,,1655564419797.0
Chris Gonzalez,Chris.Gonzalez@test.com,8015551212,1674-01-01,f6ab57be-a768-4eb3-a6c2-8b5833c1646a,1655564393876,1655564393876,1655564393876.0,,
Santosh Staples,Santosh.Staples@test.com,8015551212,997-01-01,bb575b1d-e53e-477e-aef9-9def2a87e3be,1655564444270,1655564444270,1655564444270.0,1655564444270.0,1655564444270.0
Ashley Olson,Ashley.Olson@test.com,8015551212,1846-01-01,d23ae91f-62e4-4fea-b0c8-20f49c574a2c,1655564380463,1655564380463,1655564380463.0,1655564380463.0,
Suresh Sanchez,Suresh.Sanchez@test.com,8015551212,1588-01-01,7a89ca19-ff59-4f5e-a98f-f7edf54d6a8c,1655564112557,1655564112557,1655564112557.0,,
Spencer Gonzalez,Spencer.Gonzalez@test.com,8015551212,1154-01-01,d75787a7-a24c-44aa-abe7-01611f19f43b,1655564432674,1655564432674,1655564432674.0,,
David Khatib,David.Khatib@test.com,8015551212,1804-01-01,9cebd63f-aa88-49bd-b97e-844e4e8e1c5e,1655564097281,1655564097281,1655564097281.0,1655564097281.0,
Bobby Clark,Bobby.Clark@test.com,8015551212,1226-01-01,164e5b13-de9f-4f9f-87c8-92e9721acd3e,1655564427294,1655564427294,1655564427294.0,1655564427294.0,
Gail Howard,Gail.Howard@test.com,8015551212,1119-01-01,53e96fe0-7fb5-4e2f-b3ef-0be570a6e75f,1655564435194,1655564435194,1655564435194.0,,1655564435194.0
Ben Davis,Ben.Davis@test.com,8015551212,1045-01-01,98ec1419-44b7-4016-a584-777f96115cce,1655564151428,1655564151428,1655564151428.0,1655564151428.0,1655564151428.0
Jacob Anderson,Jacob.Anderson@test.com,8015551212,1271-01-01,44a10dbd-444c-427d-8e2a-b5b884d79eab,1655564423958,1655564423958,1655564423958.0,1655564423958.0,1655564423958.0
Jaya Habschied,Jaya.Habschied@test.com,8015551212,1834-01-01,7788fe3f-86e0-4692-abf6-7a955b909219,1655564381356,1655564381356,1655564381356.0,1655564381356.0,
Jacob Jackson,Jacob.Jackson@test.com,8015551212,1287-01-01,79a8bbed-e806-43b0-8399-6be0e61311a5,1655564422806,1655564422806,1655564422806.0,1655564422806.0,1655564422806.0
Frank Staples,Frank.Staples@test.com,8015551212,1043-01-01,dc56234c-2946-4053-b204-782b9c25256c,1655564440811,1655564440811,1655564440811.0,1655564440811.0,
Sarah Harris,Sarah.Harris@test.com,8015551212,1413-01-01,53dd5161-6475-4fb1-a11d-0187ead6ea9b,1655564125058,1655564125058,1655564125058.0,,1655564125058.0
Frank Anandh,Frank.Anandh@test.com,8015551212,1290-01-01,058af4ef-68ed-4af7-b51d-b6223e5300ff,1655564422588,1655564422588,1655564422588.0,1655564422588.0,
Christina Clark,Christina.Clark@test.com,8015551212,1055-01-01,62dd0c82-b8b9-49ac-9b01-9bf158a31882,1655564150633,1655564150633,1655564150633.0,,1655564150633.0
Chris Davis,Chris.Davis@test.com,8015551212,1014-01-01,ae1d75ed-48f4-46fe-aa49-fc02aed9cd0f,1655563987780,1655563987780,1655563987780.0,,1655563987780.0
Craig Hansen,Craig.Hansen@test.com,8015551212,1551-01-01,7e8a355b-8261-4423-9e07-b965a7f7df2b,1655564403096,1655564403096,1655564403096.0,1655564403096.0,1655564403096.0
Craig Spencer,Craig.Spencer@test.com,8015551212,1065-01-01,577f942c-bd58-4a47-bf3e-e3a69886dfbe,1655564439071,1655564439071,1655564439071.0,,1655564439071.0
Dan Sanchez,Dan.Sanchez@test.com,8015551212,1190-01-01,536d2059-582f-4f64-ba41-25a4f0ddc60a,1655564430019,1655564430019,1655564430019.0,,1655564430019.0
Sean Jefferson,Sean.Jefferson@test.com,8015551212,1057-01-01,4dd49d94-facc-4e34-b5ec-281994c1f36a,1655564439673,1655564439673,1655564439673.0,1655564439673.0,
Travis Lincoln,Travis.Lincoln@test.com,8015551212,1268-01-01,abe24860-47f9-4c2a-987a-6db590ffadec,1655564424176,1655564424176,1655564424176.0,1655564424176.0,
Bobby Spencer,Bobby.Spencer@test.com,8015551212,1182-01-01,6ed39dce-2ab4-44ed-a2a8-508e4777da01,1655564430628,1655564430628,1655564430628.0,1655564430628.0,1655564430628.0
Craig Staples,Craig.Staples@test.com,8015551212,1722-01-01,eac464c3-b61e-4c89-8081-035da4752f6b,1655564389961,1655564389961,1655564389961.0,1655564389961.0,
Lyn Smith,Lyn.Smith@test.com,8015551212,1343-01-01,60b40484-869c-4981-8ba5-4360bcfe7a88,1655564130041,1655564130041,1655564130041.0,,1655564130041.0
Larry Olson,Larry.Olson@test.com,8015551212,1023-01-01,c1bd3570-f420-493e-8f02-eecc037ae16e,1655564442278,1655564442278,1655564442279.0,1655564442279.0,1655564442279.0
Craig Jones,Craig.Jones@test.com,8015551212,1639-01-01,0c3e7793-59dd-4040-8dbf-932470178877,1655564108633,1655564108634,1655564108634.0,1655564108634.0,
Santosh Doshi,Santosh.Doshi@test.com,8015551212,1147-01-01,7adde419-b54a-4a5e-8c41-957d12782c15,1655563978826,1655563978826,1655563978826.0,,1655563978826.0
Manoj Abram,Manoj.Abram@test.com,8015551212,1335-01-01,e4bdf2df-aad9-4f1c-a620-8994569af8bf,1655564419145,1655564419145,1655564419145.0,1655564419145.0,1655564419145.0
Neeraj Huey,Neeraj.Huey@test.com,8015551212,1310-01-01,ed6e52fb-987a-4808-8d9a-60978d8359ff,1655564132395,1655564132395,1655564132395.0,1655564132395.0,
Eric Jones,Eric.Jones@test.com,8015551212,983-01-01,6798a829-ac92-40f1-ad82-7a256f9dcba9,1655564445430,1655564445430,1655564445430.0,,
Gail Aristotle,Gail.Aristotle@test.com,8015551212,1078-01-01,e05af9a1-f574-4c11-9476-7ad084e07c2a,1655564148831,1655564148831,1655564148831.0,,
Travis Huey,Travis.Huey@test.com,8015551212,1690-01-01,7f903ba1-42b9-4fd2-9993-a52abd8b2a58,1655564392621,1655564392621,1655564392621.0,1655564392621.0,
Spencer Khatib,Spencer.Khatib@test.com,8015551212,1817-01-01,57c2c78d-3fe1-4baf-befd-c2c6f968e362,1655563934261,1655563934261,1655563934261.0,,
Jason Howard,Jason.Howard@test.com,8015551212,1049-01-01,d9cce27f-ad8f-42d3-ad26-45393bb0ec86,1655564440294,1655564440294,1655564440294.0,1655564440294.0,
Jacob Smith,Jacob.Smith@test.com,8015551212,1675-01-01,04451fef-e611-47fe-92bd-a3a5c2b0c9b5,1655564393798,1655564393798,1655564393798.0,,
Senthil Doshi,Senthil.Doshi@test.com,8015551212,1047-01-01,3d13f9b2-6c4c-4890-bc47-b2074f652548,1655564440476,1655564440476,1655564440476.0,,1655564440476.0
Jane Clark,Jane.Clark@test.com,8015551212,1706-01-01,dc110a02-ca1c-447d-b4a1-496dd8e71a67,1655564391210,1655564391210,1655564391210.0,,
Liz Howard,Liz.Howard@test.com,8015551212,1686-01-01,a655aff1-fc91-4229-9352-a99bac031f6c,1655564392931,1655564392931,1655564392931.0,,1655564392931.0
Danny Spencer,Danny.Spencer@test.com,8015551212,1495-01-01,7ba86d07-67eb-4572-937e-fa03d405827c,1655564407112,1655564407112,1655564407112.0,1655564407112.0,1655564407112.0
David Ahmed,David.Ahmed@test.com,8015551212,1320-01-01,c41127e0-1c6a-4509-8178-19dac815c6ad,1655564420253,1655564420253,1655564420253.0,1655564420253.0,
Larry Clayton,Larry.Clayton@test.com,8015551212,1563-01-01,7b4c901c-847e-4282-b4b1-9c44e0a427f7,1655564402247,1655564402247,1655564402247.0,,
Sarah Jones,Sarah.Jones@test.com,8015551212,1620-01-01,a7c15756-4699-40d4-9952-037e01a58b00,1655564398040,1655564398040,1655564398041.0,1655564398040.0,1655564398040.0
Ben Hansen,Ben.Hansen@test.com,8015551212,1242-01-01,bc49e3fb-d660-4058-87f0-59434133146e,1655564137159,1655564137159,1655564137159.0,1655564137159.0,
Frank Harris,Frank.Harris@test.com,8015551212,1238-01-01,8b37e67b-4396-4487-8e39-a53e7b12e9d0,1655563240237,1655563307939,1655563307939.0,1655563307939.0,1655563307939.0
Santosh Phillips,Santosh.Phillips@test.com,8015551212,1273-01-01,eb1c5181-3145-40c5-8202-8f086f4261df,1655563970467,1655563970467,1655563970467.0,1655563970467.0,1655563970467.0
Jason Anderson,Jason.Anderson@test.com,8015551212,1655-01-01,05269382-df65-43f7-b6d5-dd1a5b029e5f,1655564107530,1655564107530,1655564107530.0,1655564107530.0,
Christina Harris,Christina.Harris@test.com,8015551212,1058-01-01,15f4c568-9560-4284-8b25-6fe090c7bdf1,1655564439598,1655564439598,1655564439598.0,1655564439598.0,1655564439598.0
Travis Aristotle,Travis.Aristotle@test.com,8015551212,1262-01-01,39d8889a-d478-4bbc-b7b4-ce7ad3500d0a,1655563971213,1655563971213,1655563971213.0,,1655563971213.0
Sarah Huey,Sarah.Huey@test.com,8015551212,1663-01-01,a3c506c4-94f7-4eb4-8db8-d3fec1e2072b,1655564106967,1655564106967,1655564106967.0,1655564106967.0,1655564106967.0
Spencer Howard,Spencer.Howard@test.com,8015551212,1727-01-01,da87fb99-8e30-4396-8834-ae9cb1ab7cc5,1655564389575,1655564389575,1655564389575.0,,1655564389575.0
Spencer Huey,Spencer.Huey@test.com,8015551212,1728-01-01,63e7e80d-ea40-41da-8db2-71e3db5267d2,1655564389488,1655564389488,1655564389488.0,,1655564389488.0
Craig Abram,Craig.Abram@test.com,8015551212,1355-01-01,f9d4421e-162c-48f9-81d6-6552c1ecca5d,1655564417624,1655564417624,1655564417624.0,,
Chris Wu,Chris.Wu@test.com,8015551212,1357-01-01,7af6f189-54f3-4da3-99e9-9e00d5833312,1655564417479,1655564417479,1655564417479.0,,1655564417479.0
Lyn Abram,Lyn.Abram@test.com,8015551212,1601-01-01,d68fa4e1-656f-4ae0-aa4f-73de4558a942,1655564399460,1655564399460,1655564399460.0,1655564399460.0,
Bobby Wu,Bobby.Wu@test.com,8015551212,985-01-01,b82ba9e0-48cb-45df-8b0b-93a4b8c6ab71,1655564445242,1655564445242,1655564445242.0,,1655564445242.0
Christina Abram,Christina.Abram@test.com,8015551212,1034-01-01,23dc7bdd-044a-4d9f-af93-1ab6f4473404,1655564441457,1655564441457,1655564441457.0,,1655564441457.0
Danny Mitra,Danny.Mitra@test.com,8015551212,1565-01-01,2a9b19e3-afc1-452b-8831-6fe14f417844,1655564402104,1655564402104,1655564402104.0,1655564402104.0,1655564402104.0
Frank Aristotle,Frank.Aristotle@test.com,8015551212,1095-01-01,3d6960d7-b00c-4d85-b844-158b169a1c0b,1655564147548,1655564147548,1655564147548.0,,1655564147548.0
Craig Anandh,Craig.Anandh@test.com,8015551212,1350-01-01,37b54735-fd49-4bd3-85f2-f5ff41dd186b,1655564129468,1655564129468,1655564129468.0,1655564129468.0,1655564129468.0
Ben Clayton,Ben.Clayton@test.com,8015551212,1027-01-01,17b87fb4-029c-4a74-b981-d869243513a8,1655564441992,1655564441992,1655564441992.0,1655564441992.0,1655564441992.0
Jaya Clark,Jaya.Clark@test.com,8015551212,1101-01-01,4abb245c-efdc-4255-9cae-f36a300524cb,1655564436486,1655564436486,1655564436486.0,1655564436486.0,1655564436486.0
Bobby Habschied,Bobby.Habschied@test.com,8015551212,1527-01-01,42c7a46e-b91a-4b21-aead-1cf230a0ed4d,1655563953289,1655563953289,1655563953289.0,,1655563953289.0
Travis Clayton,Travis.Clayton@test.com,8015551212,988-01-01,c87d2224-b0f1-4392-9182-f9f7dcfdf45c,1655564444965,1655564444965,1655564444965.0,,1655564444965.0
Edward Olson,Edward.Olson@test.com,8015551212,1439-01-01,16b5880e-bf02-455c-b0d8-ae1cebb079f3,1655564411474,1655564411474,1655564411474.0,1655564411474.0,
Senthil Staples,Senthil.Staples@test.com,8015551212,1403-01-01,917423f4-6db2-4aff-aa8c-8c8f30eb176b,1655563961962,1655563961962,1655563961962.0,,
Sarah Jefferson,Sarah.Jefferson@test.com,8015551212,1892-01-01,28167d39-6acf-4f0d-bd6d-459f11c6588a,1655564377033,1655564377033,1655564377033.0,1655564377033.0,1655564377033.0
Suresh Anandh,Suresh.Anandh@test.com,8015551212,1093-01-01,726498e6-e1df-4d76-ba21-10e3db70ef51,1655564437056,1655564437056,1655564437056.0,,1655564437056.0
Craig Lincoln,Craig.Lincoln@test.com,8015551212,1955-01-01,695b1ce7-71e3-4157-bb2d-922ac9a46bd8,1655564371698,1655564371698,1655564371698.0,,1655564371698.0
Jacob Clayton,Jacob.Clayton@test.com,8015551212,1122-01-01,4c88410a-6f36-40ed-b224-ebe3e01593fc,1655564434980,1655564434980,1655564434980.0,,
Eric Spencer,Eric.Spencer@test.com,8015551212,1002-01-01,9d2f683d-7588-41e9-b5af-704a191b2cec,1655564443889,1655564443889,1655564443889.0,1655564443889.0,1655564443889.0
Frank Fibonnaci,Frank.Fibonnaci@test.com,8015551212,1942-01-01,d1dfdb6a-48bf-477d-b14b-d26238a44515,1655564087241,1655564087241,1655564087241.0,,1655564087241.0
Edward Smith,Edward.Smith@test.com,8015551212,1086-01-01,f34f8308-d9cf-4d37-8b22-8335146b3855,1655564437557,1655564437557,1655564437557.0,,
Sean Gonzalez,Sean.Gonzalez@test.com,8015551212,1890-01-01,474a3dd2-d8a8-447e-8fa6-6b61b051806e,1655564377190,1655564377190,1655564377190.0,,1655564377190.0
Eric Sanchez,Eric.Sanchez@test.com,8015551212,1013-01-01,b63afb52-077c-4174-888a-6dde92fc7bb1,1655564153926,1655564153926,1655564153926.0,1655564153926.0,1655564153926.0
John Spencer,John.Spencer@test.com,8015551212,1738-01-01,15a2d5f0-f00e-4718-af3a-c5c2430381be,1655564101865,1655564101865,1655564101865.0,,1655564101865.0
Ashley Spencer,Ashley.Spencer@test.com,8015551212,1369-01-01,1204400b-ed4e-4979-ad0d-e0f37e10a36c,1655564128138,1655564128138,1655564128138.0,1655564128138.0,
Chris Clayton,Chris.Clayton@test.com,8015551212,1796-01-01,b27070c6-c328-432e-88a5-8da644f16b7b,1655564097844,1655564097844,1655564097844.0,1655564097844.0,
Dan Olson,Dan.Olson@test.com,8015551212,1276-01-01,dc675019-d2cb-40ce-b3fd-4f95ff4e3d11,1655564423601,1655564423601,1655564423601.0,,1655564423601.0
Jane Howard,Jane.Howard@test.com,8015551212,1592-01-01,4d800165-c953-4e3a-87ff-a0dda5b7ac76,1655564112235,1655564112235,1655564112235.0,,1655564112235.0
Craig Jefferson,Craig.Jefferson@test.com,8015551212,1666-01-01,f8e09680-6e0c-46b4-b7a7-eacd8372b079,1655564394456,1655564394456,1655564394456.0,,1655564394456.0
Jason Harris,Jason.Harris@test.com,8015551212,1449-01-01,348a74d5-fe15-4fbc-b491-acea41639e02,1655564410750,1655564410750,1655564410750.0,,1655564410750.0
Santosh Huey,Santosh.Huey@test.com,8015551212,1469-01-01,b48d319c-6783-4a80-9567-aa4da1e8b005,1655564409219,1655564409219,1655564409219.0,,
Craig Sanchez,Craig.Sanchez@test.com,8015551212,1440-01-01,9dc1d86f-b7c7-451c-90dc-23d54adeec19,1655563959329,1655563959329,1655563959329.0,1655563959329.0,1655563959329.0
Jerry Mitra,Jerry.Mitra@test.com,8015551212,1000-01-01,1042e654-0b85-4606-b0a6-8422a0444235,1655563255889,1655563324034,1655563324034.0,1655563324034.0,1655563324034.0
Santosh Clark,Santosh.Clark@test.com,8015551212,1018-01-01,240acc0b-9210-4fb9-9af5-97b5f225b8dd,1655564442672,1655564442672,1655564442672.0,1655564442672.0,1655564442672.0
